Product Name,Price,Brand,Image Source
Ann Taylor Floral Wrap Dress,$135,anntaylor.com,http://ak1.polyvoreimg.com/cgi/img-thing/size/l/tid/154183036.jpg
Donna Morgan Poinsettia Dress,$298,anthropologie.com,http://ak1.polyvoreimg.com/cgi/img-thing/size/l/tid/155722382.jpg
Mid-length Sleeveless Fit & Flare Zesty Festivities Dress,$65,modcloth.com,http://ak1.polyvoreimg.com/cgi/img-thing/size/l/tid/153148515.jpg
A.L.C. Belted Gina Dress,$545,barneys.com,http://ak1.polyvoreimg.com/cgi/img-thing/size/l/tid/156233197.jpg
Vilebrequin Turtle-Print Maxi Dress,$270,barneys.com,http://ak2.polyvoreimg.com/cgi/img-thing/size/l/tid/153433322.jpg
Viktoria + Woods Pegasus Asymmetric Dress Dresses,$359,revolveclothing.com,http://ak1.polyvoreimg.com/cgi/img-thing/size/l/tid/151570831.jpg
Long Sleeveless Fit & Flare Flatters of the Heart Dress,$200,modcloth.com,http://ak2.polyvoreimg.com/cgi/img-thing/size/l/tid/154076247.jpg
Charlotte Russe MediumWash Denim Chambray Shirt Dress by Charlotte Russe at Charlotte Russe,$35,charlotterusse.com,http://ak2.polyvoreimg.com/cgi/img-thing/size/l/tid/156442954.jpg
Valentino Embroidered Dress,"$4,950",farfetch.com,http://ak2.polyvoreimg.com/cgi/img-thing/size/l/tid/152021410.jpg
Chloé Speckled Shift Dress,"$1,470",farfetch.com,http://ak1.polyvoreimg.com/cgi/img-thing/size/l/tid/143853331.jpg
Nue by Shani Lais Dress,$178,anthropologie.com,http://ak2.polyvoreimg.com/cgi/img-thing/size/l/tid/154974608.jpg
Teresa Plunging Mini Dress - Red,$58,nastygal.com,http://ak1.polyvoreimg.com/cgi/img-thing/size/l/tid/154432497.jpg
Halston Heritage Spaghetti Strap Structured Gown,$595,shopbop.com,http://ak1.polyvoreimg.com/cgi/img-thing/size/l/tid/149205693.jpg
Halston Heritage Halter Full-Skirt Cocktail Dress,$332,neimanmarcus.com,http://ak1.polyvoreimg.com/cgi/img-thing/size/l/tid/148224152.jpg
Reclaimed Vintage Maxi Shirt Dress In Check,$99,asos.com,http://ak2.polyvoreimg.com/cgi/img-thing/size/l/tid/155771989.jpg
Aidan Mattox Beaded Taffeta Gown,$485,saksfifthavenue.com,http://ak2.polyvoreimg.com/cgi/img-thing/size/l/tid/156459044.jpg
TOPSHOP Striped Bell Sleeve Dress,$90,topshop.com,http://ak2.polyvoreimg.com/cgi/img-thing/size/l/tid/144453869.jpg
Pre-owned Chloé Silk Printed Dress,$175,therealreal.com,http://ak2.polyvoreimg.com/cgi/img-thing/size/l/tid/154707820.jpg
Sparrow Seamed Boiled Wool Dress,$148,anthropologie.com,http://ak2.polyvoreimg.com/cgi/img-thing/size/l/tid/154220752.jpg
Donna Morgan Oceania Dress,$198,anthropologie.com,http://ak2.polyvoreimg.com/cgi/img-thing/size/l/tid/154441096.jpg
Sacai Star Eyelet Layered-Look Dress Size 1 (2 US),"$2,685",barneys.com,http://ak1.polyvoreimg.com/cgi/img-thing/size/l/tid/155227401.jpg
Ann Taylor Petite Diamond Dot Wrap Dress,$149,anntaylor.com,http://ak1.polyvoreimg.com/cgi/img-thing/size/l/tid/156437007.jpg
Erin Fetherston Sugared Rose Neoprene Dress,$375,anthropologie.com,http://ak1.polyvoreimg.com/cgi/img-thing/size/l/tid/155444541.jpg
Joana Almagro - Vionette Bronze Dress,$378,wolfandbadger.com,http://ak2.polyvoreimg.com/cgi/img-thing/size/l/tid/132101819.jpg
Diane von Furstenberg Kora Dress,$398,saksfifthavenue.com,http://ak2.polyvoreimg.com/cgi/img-thing/size/l/tid/153660836.jpg
Vince Tunic Dress,$895,saksfifthavenue.com,http://ak2.polyvoreimg.com/cgi/img-thing/size/l/tid/151775127.jpg
Carmen Marc Valvo Knit & Dot-Jacquard Dress,$480,saksfifthavenue.com,http://ak1.polyvoreimg.com/cgi/img-thing/size/l/tid/156457706.jpg
Cece By Cynthia Steffe Mini Shift Dress,$90,lordandtaylor.com,http://ak1.polyvoreimg.com/cgi/img-thing/size/l/tid/153557977.jpg
Bcbgmaxazria Livie Quilted Leatherette Dress,$203,lordandtaylor.com,http://ak2.polyvoreimg.com/cgi/img-thing/size/l/tid/147502269.jpg
Rachel Zoe Pilar Mini Dress,$395,shopbop.com,http://ak2.polyvoreimg.com/cgi/img-thing/size/l/tid/156474634.jpg
Preen By Thornton Bregazzi Amina Dress with Belt,"$1,060",shopbop.com,http://ak2.polyvoreimg.com/cgi/img-thing/size/l/tid/156295857.jpg
Lisa Perry Denim Stripe Dress,$995,shopbop.com,http://ak2.polyvoreimg.com/cgi/img-thing/size/l/tid/154958271.jpg
Equipment Sleeveless Lucinda Dress,$268,shopbop.com,http://ak2.polyvoreimg.com/cgi/img-thing/size/l/tid/155875395.jpg
Closet Strpie Dress with Fluted Sleeves,$51,asos.com,http://ak1.polyvoreimg.com/cgi/img-thing/size/l/tid/153207841.jpg
Closet Belted Skater Dress in Floral Print,$63,asos.com,http://ak2.polyvoreimg.com/cgi/img-thing/size/l/tid/156571258.jpg
Closet Wrap Front Pleated Pencil Dress,$86,asos.com,http://ak2.polyvoreimg.com/cgi/img-thing/size/l/tid/156007274.jpg
Just Female Lola Smock Dress,$151,asos.com,http://ak2.polyvoreimg.com/cgi/img-thing/size/l/tid/156223816.jpg
KENZO Cowl Neck Colorblock Dress,$387,shopbop.com,http://ak1.polyvoreimg.com/cgi/img-thing/size/l/tid/152537570.jpg
Rochas Doubleface Wool Angora Dress,"$2,535",modaoperandi.com,http://ak2.polyvoreimg.com/cgi/img-thing/size/l/tid/153760758.jpg
Monique Lhuillier Cotton Mesh Lace Shift Dress,$689,modaoperandi.com,http://ak1.polyvoreimg.com/cgi/img-thing/size/l/tid/153699116.jpg
ASOS Crepe Wrap Dress With D Ring,$69,asos.com,http://ak1.polyvoreimg.com/cgi/img-thing/size/l/tid/154159961.jpg
CALYPSO St. Barth Galia Linen Bauble Trim Dress,$195,calypsostbarth.com,http://ak2.polyvoreimg.com/cgi/img-thing/size/l/tid/137616491.jpg
Black White Mickey Print Side Pocket Bodycon Casual Dress,$20,maykool.com,http://ak2.polyvoreimg.com/cgi/img-thing/size/l/tid/155690930.jpg
Shoshanna Ipomea Taffeta Dress,$440,anthropologie.com,http://ak2.polyvoreimg.com/cgi/img-thing/size/l/tid/155722736.jpg
Ellen Tracy 'Elegant' Twill Fit & Flare Dress,$150,nordstrom.com,http://ak2.polyvoreimg.com/cgi/img-thing/size/l/tid/152725673.jpg
Joana Almagro - Milla Creme Dress,$711,wolfandbadger.com,http://ak1.polyvoreimg.com/cgi/img-thing/size/l/tid/132101399.jpg
Reborn Collection Charcoal Side-Pocket Fit & Flare Dress,$30,zulily.com,http://ak2.polyvoreimg.com/cgi/img-thing/size/l/tid/155892756.jpg
CALYPSO St. Barth Svila Embroidered Shift Dress,$309,calypsostbarth.com,http://ak2.polyvoreimg.com/cgi/img-thing/size/l/tid/147325543.jpg
Halston Heritage Colorblocked Tuxedo Dress,$371,lordandtaylor.com,http://ak2.polyvoreimg.com/cgi/img-thing/size/l/tid/155685226.jpg
Boohoo Blue Onika Faux Suede Dress,$26,boohoo.com,http://ak2.polyvoreimg.com/cgi/img-thing/size/l/tid/152664581.jpg
"Pre-owned Moschino Couture ""Hearts"" gown/disco dress","$1,850",1stdibs.com,http://ak2.polyvoreimg.com/cgi/img-thing/size/l/tid/128625514.jpg
Pre-owned 1990s Yves Saint Laurent Strapless Cocktail Set,$890,1stdibs.com,http://ak1.polyvoreimg.com/cgi/img-thing/size/l/tid/140077145.jpg
House Of Holland A-Line Tartan Dress,$615,brownsfashion.com,http://ak2.polyvoreimg.com/cgi/img-thing/size/l/tid/150197131.jpg
Redvalentino Silk Twill Scalloped Dress,$390,redvalentino.com,http://ak2.polyvoreimg.com/cgi/img-thing/size/l/tid/152895774.jpg
Forever 21 Women's Belted Gingham Shift Dress,$23,forever21.com,http://ak2.polyvoreimg.com/cgi/img-thing/size/l/tid/155363249.jpg
iCool Apparel Side Pocket Striped Dress,$147,modli.co,http://ak1.polyvoreimg.com/cgi/img-thing/size/l/tid/156352946.jpg
MARY KATRANTZOU Cameron Dress,"$1,137",boutique1.com,http://ak1.polyvoreimg.com/cgi/img-thing/size/l/tid/145027033.jpg
Calvin Klein Floral-Print Side-Pocket Dress,$107,macys.com,http://ak1.polyvoreimg.com/cgi/img-thing/size/l/tid/151217219.jpg
Calvin Klein Seamed Side-Pocket Floral Dress,$107,macys.com,http://ak2.polyvoreimg.com/cgi/img-thing/size/l/tid/151208894.jpg
"Mango Floral Print Dress, Medium Blue",$52,johnlewis.com,http://ak2.polyvoreimg.com/cgi/img-thing/size/l/tid/154155261.jpg
Stella McCartney Denim Linda Dress,$775,barneys.com,http://ak1.polyvoreimg.com/cgi/img-thing/size/l/tid/152328435.jpg
Kenzo Vintage Kimono Dress,$947,farfetch.com,http://ak1.polyvoreimg.com/cgi/img-thing/size/l/tid/155044585.jpg
Tsumori Chisato Mardelle Dress,$628,anthropologie.com,http://ak1.polyvoreimg.com/cgi/img-thing/size/l/tid/155445779.jpg
Shoshanna Celestial Dot Dress,$515,anthropologie.com,http://ak2.polyvoreimg.com/cgi/img-thing/size/l/tid/156478771.jpg
Shoshanna Snow Blossom Maxi Dress,$520,anthropologie.com,http://ak2.polyvoreimg.com/cgi/img-thing/size/l/tid/156478434.jpg
Cynthia Rowley Glinted Garden Dress,$428,anthropologie.com,http://ak1.polyvoreimg.com/cgi/img-thing/size/l/tid/154220173.jpg
Sparrow Seamed Boiled Wool Dress,$148,anthropologie.com,http://ak1.polyvoreimg.com/cgi/img-thing/size/l/tid/154221224.jpg
Rachel Antonoff Eliora Dress,$378,anthropologie.com,http://ak1.polyvoreimg.com/cgi/img-thing/size/l/tid/156608960.jpg
BOUTIQUE MOSCHINO Cupcake Heavy Cotton Jersey Dress,$450,luisaviaroma.com,http://ak2.polyvoreimg.com/cgi/img-thing/size/l/tid/155041486.jpg
Eliza J Marlow Gown,$228,anthropologie.com,http://ak2.polyvoreimg.com/cgi/img-thing/size/l/tid/155723876.jpg
Chicwish Belted Wool Blend Dress in Army Green,$46,chicwish.com,http://ak2.polyvoreimg.com/cgi/img-thing/size/l/tid/129413893.jpg
Gap Women Tencel Pintuck Swing Dress,$70,gap.com,http://ak2.polyvoreimg.com/cgi/img-thing/size/l/tid/151930300.jpg
Gap Women Classic Fit & Flare Dress,$80,gap.com,http://ak1.polyvoreimg.com/cgi/img-thing/size/l/tid/154666834.jpg
Banjanan Oak Maxi Dress,$255,shopbop.com,http://ak1.polyvoreimg.com/cgi/img-thing/size/l/tid/155184083.jpg
J.Crew Edged lace cap-sleeve dress,$158,jcrew.com,http://ak1.polyvoreimg.com/cgi/img-thing/size/l/tid/154188084.jpg
Vintage Chanel Fleur Silk Dress,"$1,250",nastygal.com,http://ak2.polyvoreimg.com/cgi/img-thing/size/l/tid/154774837.jpg
Rachel Zoe Stella One Shoulder Gown,$795,shopbop.com,http://ak2.polyvoreimg.com/cgi/img-thing/size/l/tid/156478375.jpg
Carmen Marc Valvo Knit Striped Dress,$495,saksfifthavenue.com,http://ak2.polyvoreimg.com/cgi/img-thing/size/l/tid/156459590.jpg
Erin Fetherston Fleur Dress,$281,lordandtaylor.com,http://ak1.polyvoreimg.com/cgi/img-thing/size/l/tid/154313200.jpg
Ryder Leila Lace Dress,$212,shopbop.com,http://ak1.polyvoreimg.com/cgi/img-thing/size/l/tid/152138186.jpg
Vintage Style Ophelia Silky Green Majestic Swing Dress,$62,etsy.com,http://ak2.polyvoreimg.com/cgi/img-thing/size/l/tid/146725490.jpg
Madewell Jane Plaid Flannel Shirtdress,$98,shopbop.com,http://ak2.polyvoreimg.com/cgi/img-thing/size/l/tid/155716894.jpg
Saint Laurent T-Shirt Dress,"$1,309",ysl.com,http://ak2.polyvoreimg.com/cgi/img-thing/size/l/tid/137599620.jpg
Closet Dress with Contrast Print Skirt,$58,asos.com,http://ak1.polyvoreimg.com/cgi/img-thing/size/l/tid/156573134.jpg
Closet Full Circle Skater Dress,$54,asos.com,http://ak1.polyvoreimg.com/cgi/img-thing/size/l/tid/152328985.jpg
ASOS Wrap Maxi Dress in Crepe,$69,asos.com,http://ak2.polyvoreimg.com/cgi/img-thing/size/l/tid/152701675.jpg
Closet Printed Midi Dress,$54,asos.com,http://ak2.polyvoreimg.com/cgi/img-thing/size/l/tid/156005667.jpg
ASOS Occasion Wiggle Dress in Floral Placement Print,$90,asos.com,http://ak2.polyvoreimg.com/cgi/img-thing/size/l/tid/155584974.jpg
LATTORI Askew Zip Dress,$349,lattori.com,http://ak2.polyvoreimg.com/cgi/img-thing/size/l/tid/149909419.jpg
Samantha Sung Patricia Indigo Dot Stretch Cotton Poplin Dress,$595,halsbrook.com,http://ak2.polyvoreimg.com/cgi/img-thing/size/l/tid/155325870.jpg
Opening Ceremony Charcoal Felted Zipper Dress,$445,modaoperandi.com,http://ak1.polyvoreimg.com/cgi/img-thing/size/l/tid/153739160.jpg
Carolina Herrera Floral Water Color Cocktail Dress,"$2,890",modaoperandi.com,http://ak1.polyvoreimg.com/cgi/img-thing/size/l/tid/151024787.jpg
Marchesa Notte Strapless Floral Cocktail,$795,shopbop.com,http://ak1.polyvoreimg.com/cgi/img-thing/size/l/tid/155731054.jpg
Jill Jill Stuart Metallic Satin Gown,$368,lordandtaylor.com,http://ak2.polyvoreimg.com/cgi/img-thing/size/l/tid/153797657.jpg
Alice + Olivia 'Ellis' Daisy Jacquard Fit & Flare Dress,$485,nordstrom.com,http://ak1.polyvoreimg.com/cgi/img-thing/size/l/tid/154937640.jpg
Joana Almagro Murano Full Necklined White and Blue With Ethnic Prints Dress,$759,carnetdemode.com,http://ak2.polyvoreimg.com/cgi/img-thing/size/l/tid/136887957.jpg
Long Sleeve Oversized Dress Green Tartan Fashion Winter Dress With Side Pockets Cute Casual Everyd,$248,etsy.com,http://ak2.polyvoreimg.com/cgi/img-thing/size/l/tid/154004994.jpg
Upcycled Graphite Grey Minimalist Wrap Style Tunic Dress With Side Pockets Size 36 Fits Us Sz 8,$70,etsy.com,http://ak2.polyvoreimg.com/cgi/img-thing/size/l/tid/154006217.jpg
PREMISE Elbow Sleeve Striped Dress With Side Pockets,$31,groupon.com,http://ak1.polyvoreimg.com/cgi/img-thing/size/l/tid/152594915.jpg
Joana Almagro - Murano Dress,$730,wolfandbadger.com,http://ak2.polyvoreimg.com/cgi/img-thing/size/l/tid/132101224.jpg
Yoins Yoins Sleeveless Dress,$32,yoins.com,http://ak2.polyvoreimg.com/cgi/img-thing/size/l/tid/131080429.jpg
Loose Casual Long Sleeve Round Neck Side Pockets Dress,$12,newchic.com,http://ak1.polyvoreimg.com/cgi/img-thing/size/l/tid/153621638.jpg
Thep. Ponte Skater Dress,$524,runway2street.com,http://ak2.polyvoreimg.com/cgi/img-thing/size/l/tid/110947037.jpg
Paul & Joe Sister - Fifi satin dress,$295,ifchic.com,http://ak2.polyvoreimg.com/cgi/img-thing/size/l/tid/155418178.jpg
Boohoo Blue Onika Faux Suede Dress,$26,boohoo.com,http://ak2.polyvoreimg.com/cgi/img-thing/size/l/tid/152655846.jpg
Boohoo Gabriella Suedette Dungaree Dress,$35,boohoo.com,http://ak2.polyvoreimg.com/cgi/img-thing/size/l/tid/152900665.jpg
Marchesa Short Sleeve Cocktail Dress,"$3,995",shopbop.com,http://ak1.polyvoreimg.com/cgi/img-thing/size/l/tid/155888282.jpg
Forever 21 Women's Camo Print Collared Dress,$28,forever21.com,http://ak2.polyvoreimg.com/cgi/img-thing/size/l/tid/150113331.jpg
Forever 21 Women's Belted Sunflower Peasant Dress,$25,forever21.com,http://ak2.polyvoreimg.com/cgi/img-thing/size/l/tid/154299835.jpg
Forever 21 Women's MLM Surplice Wrap-Front Dress,$220,forever21.com,http://ak1.polyvoreimg.com/cgi/img-thing/size/l/tid/153321082.jpg
Coast Cassie printed dress petite,$255,houseoffraser.co.uk,http://ak1.polyvoreimg.com/cgi/img-thing/size/l/tid/154503265.jpg
MANGO Side Pockets Dress,$80,mango.com,http://ak2.polyvoreimg.com/cgi/img-thing/size/l/tid/153054336.jpg
MANGO Soft Denim Dress,$80,mango.com,http://ak1.polyvoreimg.com/cgi/img-thing/size/l/tid/140651992.jpg
Mango Side pockets dress,$75,houseoffraser.co.uk,http://ak1.polyvoreimg.com/cgi/img-thing/size/l/tid/152288892.jpg
Speechless Junior's Crepe A-Line Side Pocket Dress,$31,amazon.com,http://ak2.polyvoreimg.com/cgi/img-thing/size/l/tid/135959947.jpg
Jill Jill Stuart Women's Midi Strapless Stretch Jacquard Dress,$578,amazon.com,http://ak2.polyvoreimg.com/cgi/img-thing/size/l/tid/152922838.jpg
Vince Camuto Lace Pleated A-Line Dress,$130,macys.com,http://ak1.polyvoreimg.com/cgi/img-thing/size/l/tid/148689173.jpg
PAUL & JOE Tunic Dress,$582,boutique1.com,http://ak1.polyvoreimg.com/cgi/img-thing/size/l/tid/141152348.jpg
"Mango Printed Dress, Red",$30,johnlewis.com,http://ak2.polyvoreimg.com/cgi/img-thing/size/l/tid/144449453.jpg
Jill Jill Stuart Women's Color Block T-Back Crepe Dress,$126,amazon.com,http://ak1.polyvoreimg.com/cgi/img-thing/size/l/tid/145071360.jpg
Critters Mid-length Sleeveless A-line Sly Bells Ring Dress,$90,modcloth.com,http://ak1.polyvoreimg.com/cgi/img-thing/size/l/tid/153217970.jpg
Gap Women Velvet Shift Dress,$80,gap.com,http://ak1.polyvoreimg.com/cgi/img-thing/size/l/tid/151929932.jpg
Line & Dot Frontier Plaid Dress,$148,anthropologie.com,http://ak2.polyvoreimg.com/cgi/img-thing/size/l/tid/154973243.jpg
Proenza Schouler Tweed Sheath Dress,"$1,069",barneys.com,http://ak1.polyvoreimg.com/cgi/img-thing/size/l/tid/143922138.jpg
Enza Costa Silk Rib Wide Strap Maxi Dress Dresses,$117,revolveclothing.com,http://ak2.polyvoreimg.com/cgi/img-thing/size/l/tid/137705890.jpg
St. John Collection Graphic Floral Degrade Satin Organza Gown,"$2,995",neimanmarcus.com,http://ak1.polyvoreimg.com/cgi/img-thing/size/l/tid/152907618.jpg
Long Long Sleeve A-line Prim Simplicity Dress,$65,modcloth.com,http://ak2.polyvoreimg.com/cgi/img-thing/size/l/tid/153809110.jpg
Sparrow Seamed Boiled Wool Dress,$148,anthropologie.com,http://ak1.polyvoreimg.com/cgi/img-thing/size/l/tid/154220245.jpg
Tylho Kennet Swing Dress,$138,anthropologie.com,http://ak2.polyvoreimg.com/cgi/img-thing/size/l/tid/154220552.jpg
Paul & Joe Sister Curious Cat Dress,$345,anthropologie.com,http://ak2.polyvoreimg.com/cgi/img-thing/size/l/tid/156386506.jpg
Tylho Acadie Tie-Neck Dress,$148,anthropologie.com,http://ak2.polyvoreimg.com/cgi/img-thing/size/l/tid/155603213.jpg
Halston Heritage Halter Full-Skirt Cocktail Dress,$332,bergdorfgoodman.com,http://ak1.polyvoreimg.com/cgi/img-thing/size/l/tid/148680468.jpg
DANIELE CARLOTTA Embroidered Cotton Poplin Dress,"$2,431",luisaviaroma.com,http://ak2.polyvoreimg.com/cgi/img-thing/size/l/tid/154094564.jpg
TOPSHOP TALL Textured Bell Sleeve Dress,$80,topshop.com,http://ak1.polyvoreimg.com/cgi/img-thing/size/l/tid/148272146.jpg
Gap Women Starry Ballet Fit & Flare Dress,$80,gap.com,http://ak1.polyvoreimg.com/cgi/img-thing/size/l/tid/151930404.jpg
White Floral Crochet Oversized Mini Dress,$149,genuine-people.com,http://ak1.polyvoreimg.com/cgi/img-thing/size/l/tid/155208628.jpg
Maeve Larkhill Swing Dress,$188,anthropologie.com,http://ak1.polyvoreimg.com/cgi/img-thing/size/l/tid/155722645.jpg
Wes Gordon Damask Brocade Wrap Top Gown,"$10,900",modaoperandi.com,http://ak1.polyvoreimg.com/cgi/img-thing/size/l/tid/153659169.jpg
Chicwish Sweetheart Lace Dress in Hot Pink,$25,chicwish.com,http://ak2.polyvoreimg.com/cgi/img-thing/size/l/tid/155932175.jpg
Equipment Delany Dress,$268,shopbop.com,http://ak2.polyvoreimg.com/cgi/img-thing/size/l/tid/155896387.jpg
Keepsake Gone Girl Fit-And-Flare Dress,$75,saksoff5th.com,http://ak1.polyvoreimg.com/cgi/img-thing/size/l/tid/154525131.jpg
Lazy Oaf Eye Furface Dress,$100,dollskill.com,http://ak1.polyvoreimg.com/cgi/img-thing/size/l/tid/156576175.jpg
Charlotte Russe Chambray En Creme Lace-Up Chambray Dress by Charlotte Russe at Charlotte Russe,$50,charlotterusse.com,http://ak1.polyvoreimg.com/cgi/img-thing/size/l/tid/151750758.jpg
Diane von Furstenberg Kora Dress,$398,saksfifthavenue.com,http://ak1.polyvoreimg.com/cgi/img-thing/size/l/tid/145792603.jpg
Vince Camuto Print Fit-and-Flare Dress,$200,lordandtaylor.com,http://ak1.polyvoreimg.com/cgi/img-thing/size/l/tid/153879675.jpg
Short Length Sleeveless A-line Keep Up the Good Perk Two-Piece Dress,$170,modcloth.com,http://ak1.polyvoreimg.com/cgi/img-thing/size/l/tid/150632273.jpg
Lisa Perry Foxy Dress,$498,shopbop.com,http://ak1.polyvoreimg.com/cgi/img-thing/size/l/tid/145870802.jpg
Free People Forget Me Not Moonstruck Mini Dress,$128,shopbop.com,http://ak1.polyvoreimg.com/cgi/img-thing/size/l/tid/152140509.jpg
Free People Forget Me Not Moonstruck Mini Dress,$128,shopbop.com,http://ak2.polyvoreimg.com/cgi/img-thing/size/l/tid/151285213.jpg
Saint Laurent Oversized Shirt Dress,$889,ysl.com,http://ak2.polyvoreimg.com/cgi/img-thing/size/l/tid/136870443.jpg
Hazel Long Sleeve Shirt Dress with Embroidery Detail,$117,asos.com,http://ak2.polyvoreimg.com/cgi/img-thing/size/l/tid/156078924.jpg
ASOS Sleeveless Zip Through Shirt Dress,$63,asos.com,http://ak2.polyvoreimg.com/cgi/img-thing/size/l/tid/148814682.jpg
ASOS Mini Asymmetric Pocket Dress with Kimono Sleeves,$53,asos.com,http://ak2.polyvoreimg.com/cgi/img-thing/size/l/tid/151043493.jpg
Closet Wrap Front Pleated Pencil Dress,$86,asos.com,http://ak1.polyvoreimg.com/cgi/img-thing/size/l/tid/154296097.jpg
C/meo Collective Bounce Back Mini Dress in Black,$242,asos.com,http://ak1.polyvoreimg.com/cgi/img-thing/size/l/tid/148484796.jpg
Samantha Sung Audrey Green Floral Stretch Cotton Poplin Dress,$595,halsbrook.com,http://ak2.polyvoreimg.com/cgi/img-thing/size/l/tid/146948048.jpg
Samantha Sung Penny Tile Print Stretch Cotton Poplin Dress,$595,halsbrook.com,http://ak2.polyvoreimg.com/cgi/img-thing/size/l/tid/155325829.jpg
Maison Scotch Sequin Party Dress,$299,shopbop.com,http://ak2.polyvoreimg.com/cgi/img-thing/size/l/tid/154803032.jpg
Related Button Dress,$230,graziashop.com,http://ak1.polyvoreimg.com/cgi/img-thing/size/l/tid/153435783.jpg
Rochas Crepe Wool Stretch Seamed Dress,"$2,055",modaoperandi.com,http://ak2.polyvoreimg.com/cgi/img-thing/size/l/tid/154284505.jpg
Chicnova Fashion Ruffle Dress,$51,chicnova.com,http://ak2.polyvoreimg.com/cgi/img-thing/size/l/tid/155403516.jpg
Monique Lhuillier Watercolor Floral Dress,"$1,795",marissacollections.com,http://ak2.polyvoreimg.com/cgi/img-thing/size/l/tid/156454861.jpg
Tory Burch Linen Beach Dress,$275,toryburch.com,http://ak2.polyvoreimg.com/cgi/img-thing/size/l/tid/153801402.jpg
Burberry A-line Dress with Leather Belt,"$1,095",burberry.com,http://ak1.polyvoreimg.com/cgi/img-thing/size/l/tid/148220606.jpg
Public School Sleeveless Polo Dress,$555,nordstrom.com,http://ak2.polyvoreimg.com/cgi/img-thing/size/l/tid/156024471.jpg
Gap Women Velvet Shift Dress,$80,gap.com,http://ak2.polyvoreimg.com/cgi/img-thing/size/l/tid/151930470.jpg
MSGM Short Dresses,$290,italist.com,http://ak2.polyvoreimg.com/cgi/img-thing/size/l/tid/156444880.jpg
Pre-owned Bonnie Cashin Leather Belted Jumper,$895,1stdibs.com,http://ak1.polyvoreimg.com/cgi/img-thing/size/l/tid/134876680.jpg
The Row 3/4 Length Dress,$903,thecorner.com,http://ak1.polyvoreimg.com/cgi/img-thing/size/l/tid/141714724.jpg
Thisisnon Raw Silk White Dress,$338,runway2street.com,http://ak1.polyvoreimg.com/cgi/img-thing/size/l/tid/138626232.jpg
Pre-owned Valentino 15ss Heavy Lace Us4 Dress,"$2,549",tradesy.com,http://ak2.polyvoreimg.com/cgi/img-thing/size/l/tid/148366664.jpg
Redvalentino Scallop Detailed Dress,$695,redvalentino.com,http://ak2.polyvoreimg.com/cgi/img-thing/size/l/tid/155943757.jpg
MANGO Flowy Printed Dress,$40,mango.com,http://ak2.polyvoreimg.com/cgi/img-thing/size/l/tid/150347345.jpg
Jaeger Compact tailoring v-neck dress,$110,houseoffraser.co.uk,http://ak2.polyvoreimg.com/cgi/img-thing/size/l/tid/151716575.jpg
Closet Rose Belted Skater Dress,$82,houseoffraser.co.uk,http://ak2.polyvoreimg.com/cgi/img-thing/size/l/tid/151989762.jpg
Yoins Yoins Sleeveless Dress,$32,yoins.com,http://ak2.polyvoreimg.com/cgi/img-thing/size/l/tid/123051037.jpg
"Phase Eight Zelda Swing Dress, Charcoal",$135,johnlewis.com,http://ak2.polyvoreimg.com/cgi/img-thing/size/l/tid/154871415.jpg
Jill Jill Stuart Women's Sleeveless Deep V-Neck 2 Ply Crepe Gown,$127,amazon.com,http://ak2.polyvoreimg.com/cgi/img-thing/size/l/tid/150698924.jpg
"Warehouse Tropical Palm Print Midi Dress, Neutral",$30,johnlewis.com,http://ak1.polyvoreimg.com/cgi/img-thing/size/l/tid/154870712.jpg
ACNE STUDIOS Teddi Satin S/L Dress,$192,boutique1.com,http://ak1.polyvoreimg.com/cgi/img-thing/size/l/tid/102906593.jpg
Floreat Kalala Peasant Dress,$168,anthropologie.com,http://ak1.polyvoreimg.com/cgi/img-thing/size/l/tid/155723907.jpg
Bronx and Banco Babylon Maxi Dress Dresses,$285,revolveclothing.com,http://ak2.polyvoreimg.com/cgi/img-thing/size/l/tid/148417537.jpg
Mary Katrantzou Cameron Dress,"$1,080",farfetch.com,http://ak2.polyvoreimg.com/cgi/img-thing/size/l/tid/146037306.jpg
Tracy Reese Nona Silk Tunic Dress,$298,anthropologie.com,http://ak2.polyvoreimg.com/cgi/img-thing/size/l/tid/151400854.jpg
Nue by Shani Cross-Front Sheath,$178,anthropologie.com,http://ak2.polyvoreimg.com/cgi/img-thing/size/l/tid/155725203.jpg
Hemant and Nandita Half-Sleeve Carpet-Print Midi Dress,$429,neimanmarcus.com,http://ak2.polyvoreimg.com/cgi/img-thing/size/l/tid/153348941.jpg
Michael Kors Collection Short-Sleeve Utility Shirtdress,$558,neimanmarcus.com,http://ak1.polyvoreimg.com/cgi/img-thing/size/l/tid/153477978.jpg
GIORGIO ARMANI Stretch Ottoman & Jersey Dress,"$3,475",luisaviaroma.com,http://ak2.polyvoreimg.com/cgi/img-thing/size/l/tid/154092537.jpg
VALENTINO Giraffe Printed Cotton Muslin Dress,"$5,350",luisaviaroma.com,http://ak2.polyvoreimg.com/cgi/img-thing/size/l/tid/156587055.jpg
ACNE Studios 'Benita Clean' Zip Front Sweater Dress,$414,nordstrom.com,http://ak2.polyvoreimg.com/cgi/img-thing/size/l/tid/146537228.jpg
DIANE VON FURSTENBERG Freya Silk Shirt Dress,$398,dvf.com,http://ak2.polyvoreimg.com/cgi/img-thing/size/l/tid/156176963.jpg
The Limited Border Print Fit Flare Dress Navy,$100,thelimited.com,http://ak2.polyvoreimg.com/cgi/img-thing/size/l/tid/156466518.jpg
Chicwish Basic Textured Cotton Dress in Sand,$45,chicwish.com,http://ak1.polyvoreimg.com/cgi/img-thing/size/l/tid/155398846.jpg
Gap Women Scuba Fit & Flare Dress,$60,gap.com,http://ak2.polyvoreimg.com/cgi/img-thing/size/l/tid/148866195.jpg
Gap Women Fit & Flare Flute Dress,$80,gap.com,http://ak1.polyvoreimg.com/cgi/img-thing/size/l/tid/149179673.jpg
Pre-owned Matthew Williamson Strapless Dress,$175,therealreal.com,http://ak1.polyvoreimg.com/cgi/img-thing/size/l/tid/155606615.jpg
Title Nine Samba Stripe Dress,$82,titlenine.com,http://ak1.polyvoreimg.com/cgi/img-thing/size/l/tid/155595355.jpg
Rachel Allan 7216 Prom Dress 2016 Long High Neckline Sleeveless,$498,newyorkdress.com,http://ak1.polyvoreimg.com/cgi/img-thing/size/l/tid/156677746.jpg
Kate Spade New York Embellished Mindy Dress,$171,saksfifthavenue.com,http://ak1.polyvoreimg.com/cgi/img-thing/size/l/tid/137541411.jpg
Acne Studios Lash Stripe Dress,$440,lagarconne.com,http://ak2.polyvoreimg.com/cgi/img-thing/size/l/tid/156764153.jpg
Trina Turk Kalene Shift Dress,$246,lordandtaylor.com,http://ak1.polyvoreimg.com/cgi/img-thing/size/l/tid/146159953.jpg
Erin Fetherston Polly Dress,$221,lordandtaylor.com,http://ak2.polyvoreimg.com/cgi/img-thing/size/l/tid/154274850.jpg
Joseph Ribkoff dress,$195,1ereavenue.com,http://ak2.polyvoreimg.com/cgi/img-thing/size/l/tid/156826811.jpg
M. Martin Crepe Satin Dress,$695,lagarconne.com,http://ak1.polyvoreimg.com/cgi/img-thing/size/l/tid/155778257.jpg
Rachel Comey Ballston Denim Dress,$495,shopbop.com,http://ak2.polyvoreimg.com/cgi/img-thing/size/l/tid/155739440.jpg
Vince Mesh Lace Bib Shift,$395,shopbop.com,http://ak2.polyvoreimg.com/cgi/img-thing/size/l/tid/155194144.jpg
Closet Midi Skater Dress with Box Pleats,$63,asos.com,http://ak2.polyvoreimg.com/cgi/img-thing/size/l/tid/150943349.jpg
ASOS PETITE Pencil Dress in Multi Stitch with Obi Wrap,$81,asos.com,http://ak2.polyvoreimg.com/cgi/img-thing/size/l/tid/153210956.jpg
Gsus Sindustries Jessy Jersey Dress,$69,asos.com,http://ak1.polyvoreimg.com/cgi/img-thing/size/l/tid/152924710.jpg
Monki Oversized Knitted Stripe Dress With Pocket Detail,$72,asos.com,http://ak2.polyvoreimg.com/cgi/img-thing/size/l/tid/153874406.jpg
LUSH Chest Pocket Dress,$40,c21stores.com,http://ak2.polyvoreimg.com/cgi/img-thing/size/l/tid/155230169.jpg
Trina Turk Marley Dress,$140,nordstromrack.com,http://ak1.polyvoreimg.com/cgi/img-thing/size/l/tid/156331150.jpg
Michael Stars Apron Midi Dress,$40,nordstromrack.com,http://ak2.polyvoreimg.com/cgi/img-thing/size/l/tid/156774150.jpg
Warehouse Gold Jacquard Prom Dress,$126,asos.com,http://ak1.polyvoreimg.com/cgi/img-thing/size/l/tid/153776226.jpg
Handkercheif Tee Dress,$137,thedreslyn.com,http://ak1.polyvoreimg.com/cgi/img-thing/size/l/tid/156105443.jpg
Paule Ka Lime Cotton Pique Dress,$290,halsbrook.com,http://ak1.polyvoreimg.com/cgi/img-thing/size/l/tid/144873512.jpg
Nina Ricci Silk Crepe Dress,"$1,475",modaoperandi.com,http://ak1.polyvoreimg.com/cgi/img-thing/size/l/tid/153820635.jpg
Michael Kors Double Cuff Shirt Dress,"$1,195",marissacollections.com,http://ak2.polyvoreimg.com/cgi/img-thing/size/l/tid/156456283.jpg
Shoshanna Sierra Lace Dress,$113,shopbop.com,http://ak2.polyvoreimg.com/cgi/img-thing/size/l/tid/139862469.jpg
Apres Ramy Brook Bria Mini Dress,$83,shopbop.com,http://ak2.polyvoreimg.com/cgi/img-thing/size/l/tid/145323796.jpg
Zero + Maria Cornejo Sil Short Dress,$983,bysymphony.com,http://ak1.polyvoreimg.com/cgi/img-thing/size/l/tid/156755082.jpg
Weston Lufta Lace Dress,$168,anthropologie.com,http://ak2.polyvoreimg.com/cgi/img-thing/size/l/tid/154973766.jpg
Charles Henry Crepe Shirtdress,$88,nordstrom.com,http://ak1.polyvoreimg.com/cgi/img-thing/size/l/tid/151383776.jpg
70s Stunner Faux Suede Lace-Up Dress OLIVE,$33,gojane.com,http://ak2.polyvoreimg.com/cgi/img-thing/size/l/tid/155418574.jpg
Gabby Skye Womens Floral Print Scuba Dress,$49,beallsflorida.com,http://ak1.polyvoreimg.com/cgi/img-thing/size/l/tid/154760783.jpg
Columbia Womens Super Bonehead II Plaid Dress,$65,beallsflorida.com,http://ak1.polyvoreimg.com/cgi/img-thing/size/l/tid/156343144.jpg
Pre-owned Shoshanna Gold Metallic Strapless Dress,$139,currentboutique.com,http://ak2.polyvoreimg.com/cgi/img-thing/size/l/tid/153872578.jpg
Paul Smith Women's Black And White Dual-Layer Silk 'Floral' Print Dress,"$2,185",paulsmith.co.uk,http://ak2.polyvoreimg.com/cgi/img-thing/size/l/tid/155432073.jpg
Pre-owned Aidan Mattox Black & White Beaded Sleeveless Dress,$129,currentboutique.com,http://ak2.polyvoreimg.com/cgi/img-thing/size/l/tid/154597667.jpg
Pre-owned VIVIENNE WESTWOOD Red Label Size 6 Black Draped Sweetheart Bustier Cocktail Dres,"$1,135",1stdibs.com,http://ak1.polyvoreimg.com/cgi/img-thing/size/l/tid/155135988.jpg
Bell-issimo Off-Shoulder Shift Dress BLACK,$24,gojane.com,http://ak1.polyvoreimg.com/cgi/img-thing/size/l/tid/155418854.jpg
Pre-owned Diane Von Furstenberg Dvf Basmati Printed Silk Maxi D1415004m10 Dress,$536,tradesy.com,http://ak2.polyvoreimg.com/cgi/img-thing/size/l/tid/155204261.jpg
Alice Treehouse Olive Khaki Sleeveless Button Dress,$60,silkfred.com,http://ak1.polyvoreimg.com/cgi/img-thing/size/l/tid/156024607.jpg
Forever 21 Women's The Fifth Label Better Than Sunday Wrap Dress,$121,forever21.com,http://ak1.polyvoreimg.com/cgi/img-thing/size/l/tid/149812710.jpg
MANGO Side Pockets Dress,$80,mango.com,http://ak2.polyvoreimg.com/cgi/img-thing/size/l/tid/150667470.jpg
Stella Mccartney Viscose Crepe Daisy Dress,"$1,350",brownsfashion.com,http://ak2.polyvoreimg.com/cgi/img-thing/size/l/tid/142364969.jpg
Ellen Tracy Side-Zip Sheath Dress,$90,macys.com,http://ak2.polyvoreimg.com/cgi/img-thing/size/l/tid/149626804.jpg
"Mango Side Pockets Dress, Black",$75,johnlewis.com,http://ak1.polyvoreimg.com/cgi/img-thing/size/l/tid/151021696.jpg
THE ROW Poplin Dress,$621,boutique1.com,http://ak2.polyvoreimg.com/cgi/img-thing/size/l/tid/137401004.jpg
Helene Berman Women's Cap-Sleeve Dress In Gold-Tone Jacquard,$98,amazon.com,http://ak2.polyvoreimg.com/cgi/img-thing/size/l/tid/151753493.jpg
Sparrow Boiled Wool Mock-Neck Dress,$158,anthropologie.com,http://ak1.polyvoreimg.com/cgi/img-thing/size/l/tid/154220502.jpg
Christopher Kane Appliqued Cady Shift Dress,$829,barneys.com,http://ak1.polyvoreimg.com/cgi/img-thing/size/l/tid/145401826.jpg
Natalie Martin Nico Maxi Dress,$370,barneys.com,http://ak1.polyvoreimg.com/cgi/img-thing/size/l/tid/148121523.jpg
Michael Lauren x REVOLVE Rowan Draped Dress Dresses,$47,revolveclothing.com,http://ak2.polyvoreimg.com/cgi/img-thing/size/l/tid/146164583.jpg
"L.L.Bean Signature Signature Poplin Dress, Chambray Misses",$109,llbean.com,http://ak2.polyvoreimg.com/cgi/img-thing/size/l/tid/154248453.jpg
Shoshanna Maratea Dress,$340,anthropologie.com,http://ak2.polyvoreimg.com/cgi/img-thing/size/l/tid/156477709.jpg
Sunday in Brooklyn Ciara Ponte Dress,$148,anthropologie.com,http://ak1.polyvoreimg.com/cgi/img-thing/size/l/tid/155725192.jpg
Akris Chain-Trim V-Back Plaid Dress,"$2,093",neimanmarcus.com,http://ak2.polyvoreimg.com/cgi/img-thing/size/l/tid/136507233.jpg
Nightwalker Raw Overall Dress,$111,nastygal.com,http://ak2.polyvoreimg.com/cgi/img-thing/size/l/tid/150127864.jpg
One Teaspoon Le Player Tuxedo Dress,$165,nastygal.com,http://ak1.polyvoreimg.com/cgi/img-thing/size/l/tid/148873215.jpg
VALENTINO Elephant Printed Cotton Muslin Dress,"$5,350",luisaviaroma.com,http://ak2.polyvoreimg.com/cgi/img-thing/size/l/tid/156586748.jpg
See By Chloé Denim Shirt Dress,$337,farfetch.com,http://ak1.polyvoreimg.com/cgi/img-thing/size/l/tid/149092749.jpg
Free People From Your Heart Dress,$109,swell.com,http://ak2.polyvoreimg.com/cgi/img-thing/size/l/tid/146970795.jpg
Catherine Regehr Metallic Tie-Waist Gown,"$3,950",saksfifthavenue.com,http://ak2.polyvoreimg.com/cgi/img-thing/size/l/tid/150487630.jpg
Gap Women Scuba Fit & Flare Dress,$60,gap.com,http://ak1.polyvoreimg.com/cgi/img-thing/size/l/tid/148866174.jpg
Pre-owned Thakoon Addition Dress,$95,therealreal.com,http://ak2.polyvoreimg.com/cgi/img-thing/size/l/tid/156314392.jpg
Helmut Lang Midi Dress,$270,madisonlosangeles.com,http://ak1.polyvoreimg.com/cgi/img-thing/size/l/tid/154930399.jpg
Pre-owned 3.1 Phillip Lim Dress,$50,therealreal.com,http://ak1.polyvoreimg.com/cgi/img-thing/size/l/tid/156142590.jpg
Atlantique Ascoli Habit Dress,$978,lagarconne.com,http://ak1.polyvoreimg.com/cgi/img-thing/size/l/tid/155778097.jpg
Rachel Comey Denim Risible Dress,$495,lagarconne.com,http://ak2.polyvoreimg.com/cgi/img-thing/size/l/tid/155858305.jpg
Joseph Ribkoff dress,$195,1ereavenue.com,http://ak2.polyvoreimg.com/cgi/img-thing/size/l/tid/150189172.jpg
Solstice Kelly Emerald Brilliant Green Cross Back Dress Dress Casual Bridesmaid Dress Cut Out.,$68,etsy.com,http://ak2.polyvoreimg.com/cgi/img-thing/size/l/tid/154012261.jpg
Velvet Annemarie Chiffon Embroidered Dress,$297,shopbop.com,http://ak2.polyvoreimg.com/cgi/img-thing/size/l/tid/150281021.jpg
Rachel Zoe Pilar Mini Dress,$395,shopbop.com,http://ak1.polyvoreimg.com/cgi/img-thing/size/l/tid/156295540.jpg
Chinti and Parker Denim Shirtdress,$325,shopbop.com,http://ak2.polyvoreimg.com/cgi/img-thing/size/l/tid/156477394.jpg
Superfine Bomber Sweater Dress,$698,shopbop.com,http://ak2.polyvoreimg.com/cgi/img-thing/size/l/tid/152535203.jpg
Clover Canyon Botanical Dreams Dress,$330,shopbop.com,http://ak1.polyvoreimg.com/cgi/img-thing/size/l/tid/152542822.jpg
See By Chloe Striped T-shirt Dress With V Trim,$162,asos.com,http://ak1.polyvoreimg.com/cgi/img-thing/size/l/tid/155313108.jpg
Monki Waist Detail Utility Dress,$32,asos.com,http://ak1.polyvoreimg.com/cgi/img-thing/size/l/tid/138467819.jpg
Muubaa Roca T-Shirt Leather Dress,$296,asos.com,http://ak1.polyvoreimg.com/cgi/img-thing/size/l/tid/151122144.jpg
LAZUL Georgina crepe maxi dress,$480,selfridges.com,http://ak1.polyvoreimg.com/cgi/img-thing/size/l/tid/154828218.jpg
Alberta Ferretti Floral Embellished Dress,$357,halsbrook.com,http://ak1.polyvoreimg.com/cgi/img-thing/size/l/tid/144873507.jpg
Related Sansa Dress,$200,graziashop.com,http://ak2.polyvoreimg.com/cgi/img-thing/size/l/tid/155038901.jpg
DELPOZO Leather Pinafore With Pant Skirt,"$5,750",modaoperandi.com,http://ak2.polyvoreimg.com/cgi/img-thing/size/l/tid/153776694.jpg
Atea Oceanie Stevenson Shirt Dress,$355,marissacollections.com,http://ak1.polyvoreimg.com/cgi/img-thing/size/l/tid/156591691.jpg
Velvet by Graham and Spencer Gabrielle Plaid Shirt Dress,$119,vintagefringe.com,http://ak1.polyvoreimg.com/cgi/img-thing/size/l/tid/154166640.jpg
Dr. Martens Dr. Marten's Drawstring Dress,$36,drmartens.com,http://ak2.polyvoreimg.com/cgi/img-thing/size/l/tid/154818946.jpg
Shaina Mote Dia Midi Dress,$363,azaleasf.com,http://ak1.polyvoreimg.com/cgi/img-thing/size/l/tid/154915147.jpg
Columbia Womens Super Bonehead II Plaid Dress,$65,beallsflorida.com,http://ak1.polyvoreimg.com/cgi/img-thing/size/l/tid/156343478.jpg
MSGM Short Dresses,$210,italist.com,http://ak1.polyvoreimg.com/cgi/img-thing/size/l/tid/154520617.jpg
Coco Embroidered Lace Bohemian Wedding Dress Cotton Lace Gown With Pockets and Full Skirt Handm,"$1,175",etsy.com,http://ak2.polyvoreimg.com/cgi/img-thing/size/l/tid/154611862.jpg
Marc by Marc Jacobs Isabella Lace Moulded Dress,$898,marcjacobs.com,http://ak1.polyvoreimg.com/cgi/img-thing/size/l/tid/148192305.jpg
Pre-owned Samantha Treacy Midnight Blue Silk Sleeveless Dress,$89,currentboutique.com,http://ak2.polyvoreimg.com/cgi/img-thing/size/l/tid/156343121.jpg
Pre-owned Kate Spade Sonja Multi-Color Floral Cotton Dress,$127,currentboutique.com,http://ak1.polyvoreimg.com/cgi/img-thing/size/l/tid/155570053.jpg
Pre-owned Jean Paul Gaultier Femme NWT Blue Trench Coat Maxi Dress,$495,1stdibs.com,http://ak1.polyvoreimg.com/cgi/img-thing/size/l/tid/155772068.jpg
Texas A&M Aggies Womens Babydoll Sundress with Pockets - White/Maroon,$50,ladyfanatics.com,http://ak2.polyvoreimg.com/cgi/img-thing/size/l/tid/153517998.jpg
Bell-issimo Off-Shoulder Shift Dress WHITE,$24,gojane.com,http://ak2.polyvoreimg.com/cgi/img-thing/size/l/tid/155415739.jpg
Steve J and Yoni P Check Bustier Dress,$295,oxygenboutique.com,http://ak1.polyvoreimg.com/cgi/img-thing/size/l/tid/146461366.jpg
Nomia Cross Back Dress,$395,shopsuperstreet.com,http://ak1.polyvoreimg.com/cgi/img-thing/size/l/tid/154743069.jpg
"Pre-owned Bcbgmaxazria ""fei Fei"" Runway Cocktail (nectar Color) Dress",$146,tradesy.com,http://ak2.polyvoreimg.com/cgi/img-thing/size/l/tid/155609561.jpg
Forever 21 Women's Tartan Plaid Shirt Dress,$23,forever21.com,http://ak2.polyvoreimg.com/cgi/img-thing/size/l/tid/150942582.jpg
Pre-owned Alexander Wang Black V Neck Tank Poly Crepe Strap Pockets Dress,$155,tradesy.com,http://ak1.polyvoreimg.com/cgi/img-thing/size/l/tid/155399881.jpg
Redvalentino Cady Dress With Bow,$550,redvalentino.com,http://ak2.polyvoreimg.com/cgi/img-thing/size/l/tid/154937463.jpg
MANGO Textured Ruffled Dress,$40,mango.com,http://ak2.polyvoreimg.com/cgi/img-thing/size/l/tid/141700140.jpg
Almari Floral Jacquard V Neck Dress,$46,houseoffraser.co.uk,http://ak1.polyvoreimg.com/cgi/img-thing/size/l/tid/154880720.jpg
Mint Velvet Neema Print Dress,$150,houseoffraser.co.uk,http://ak2.polyvoreimg.com/cgi/img-thing/size/l/tid/155821422.jpg
"VICTORIA, VICTORIA BECKHAM Striped Dress",$689,boutique1.com,http://ak1.polyvoreimg.com/cgi/img-thing/size/l/tid/155342027.jpg
"Seasalt Bunting Dress, Little Oak Burdock",$105,johnlewis.com,http://ak2.polyvoreimg.com/cgi/img-thing/size/l/tid/155433638.jpg
Whistles Ikat Print Hannah Dress,$165,whistles.com,http://ak2.polyvoreimg.com/cgi/img-thing/size/l/tid/150854926.jpg
OSCAR DE LA RENTA Faille Dress,"$3,142",boutique1.com,http://ak1.polyvoreimg.com/cgi/img-thing/size/l/tid/141152483.jpg
Mid-length Sleeveless Fit & Flare Zesty Festivities Dress,$65,modcloth.com,http://ak1.polyvoreimg.com/cgi/img-thing/size/l/tid/150449109.jpg
Mid-length Sleeveless A-line Zesty Festivities Dress,$65,modcloth.com,http://ak1.polyvoreimg.com/cgi/img-thing/size/l/tid/150443217.jpg
DKNY Long Sleeve Tuxedo Dress,$451,shopbop.com,http://ak1.polyvoreimg.com/cgi/img-thing/size/l/tid/152721193.jpg
Tylho Therain Shirtdress,$148,anthropologie.com,http://ak1.polyvoreimg.com/cgi/img-thing/size/l/tid/154323883.jpg
A.L.C. Thomas Midi-Dress,$725,barneys.com,http://ak1.polyvoreimg.com/cgi/img-thing/size/l/tid/149610862.jpg
Tularosa Cayman Dress Dresses,$178,revolveclothing.com,http://ak1.polyvoreimg.com/cgi/img-thing/size/l/tid/148496430.jpg
Vera Wang Plunging v-Neck Velvet Gown,"$1,595",farfetch.com,http://ak1.polyvoreimg.com/cgi/img-thing/size/l/tid/148870175.jpg
4.collective Houndstooth Knit Dress,$285,anthropologie.com,http://ak1.polyvoreimg.com/cgi/img-thing/size/l/tid/154220364.jpg
Tylho Sao Paulo Tunic Dress,$138,anthropologie.com,http://ak1.polyvoreimg.com/cgi/img-thing/size/l/tid/148577553.jpg
Moulinette Soeurs Embroidered Perennial Dress,$198,anthropologie.com,http://ak1.polyvoreimg.com/cgi/img-thing/size/l/tid/152782246.jpg
ROCHAS Ruffled Silk Organza Maxi Dress,"$3,355",luisaviaroma.com,http://ak2.polyvoreimg.com/cgi/img-thing/size/l/tid/156368544.jpg
MCQ ALEXANDER MCQUEEN Ruffled Heavy Cotton Jersey Dress,$385,luisaviaroma.com,http://ak1.polyvoreimg.com/cgi/img-thing/size/l/tid/153567141.jpg
SAINT LAURENT Velvet Stars Chiffon Devore Dress,"$3,990",luisaviaroma.com,http://ak1.polyvoreimg.com/cgi/img-thing/size/l/tid/153566755.jpg
Self Portrait Azaelea Guipure-Lace Illusion Dress,$480,neimanmarcus.com,http://ak2.polyvoreimg.com/cgi/img-thing/size/l/tid/146146392.jpg
Lilyville Shirt Dress by Unique,$370,topshop.com,http://ak2.polyvoreimg.com/cgi/img-thing/size/l/tid/148404519.jpg
Prabal Gurung Doubleface Satin V-Neck Gown,"$9,995",modaoperandi.com,http://ak2.polyvoreimg.com/cgi/img-thing/size/l/tid/154176145.jpg
Pre-owned Sea Striped Dress,$75,therealreal.com,http://ak1.polyvoreimg.com/cgi/img-thing/size/l/tid/155795351.jpg
Escada Dondi Ponte Ruched-Detail Dress,$495,saksfifthavenue.com,http://ak2.polyvoreimg.com/cgi/img-thing/size/l/tid/147825812.jpg
Atlantique Ascoli Matinale Dress,$840,lagarconne.com,http://ak2.polyvoreimg.com/cgi/img-thing/size/l/tid/155778144.jpg
M. Martin Poplin Shirtdress,$450,lagarconne.com,http://ak2.polyvoreimg.com/cgi/img-thing/size/l/tid/155778184.jpg
Erin Fetherston Savannah Dress,$221,lordandtaylor.com,http://ak1.polyvoreimg.com/cgi/img-thing/size/l/tid/154314418.jpg
Pre-owned Sea Silk Dress,$75,therealreal.com,http://ak1.polyvoreimg.com/cgi/img-thing/size/l/tid/155793625.jpg
Club Monaco Blake Dress,$249,shopbop.com,http://ak2.polyvoreimg.com/cgi/img-thing/size/l/tid/149661687.jpg
Flynn Skye Olivia Mini Dress,$158,shopbop.com,http://ak1.polyvoreimg.com/cgi/img-thing/size/l/tid/145898240.jpg
Emily & Fin Sophie Dress In Polka Dot Print,$63,asos.com,http://ak2.polyvoreimg.com/cgi/img-thing/size/l/tid/154599733.jpg
b.Young Animal Print Sleeveless Dress,$54,asos.com,http://ak2.polyvoreimg.com/cgi/img-thing/size/l/tid/146698019.jpg
Closet Tie Back Pencil Dress In Ditsy Floral Print,$90,asos.com,http://ak2.polyvoreimg.com/cgi/img-thing/size/l/tid/155226016.jpg
Forever Unique Bailey Dress with Necklace Trim,$207,asos.com,http://ak2.polyvoreimg.com/cgi/img-thing/size/l/tid/151289088.jpg
Mother of Pearl Hula Cotton Silk Shift Dress,$940,modaoperandi.com,http://ak1.polyvoreimg.com/cgi/img-thing/size/l/tid/153834885.jpg
Novis Chatham Long Dress,"$1,595",marissacollections.com,http://ak1.polyvoreimg.com/cgi/img-thing/size/l/tid/156455395.jpg
Victoria By V. Beckham Structured Floral Dress,"$1,250",marissacollections.com,http://ak2.polyvoreimg.com/cgi/img-thing/size/l/tid/156455220.jpg
Atea Oceanie Drop Waist Denim Dress,$435,marissacollections.com,http://ak2.polyvoreimg.com/cgi/img-thing/size/l/tid/156591890.jpg
DELPOZO Wool Dress With Cape Cut Skirt,"$3,575",modaoperandi.com,http://ak2.polyvoreimg.com/cgi/img-thing/size/l/tid/153682674.jpg
Gap Women Ballet Fit & Flare Dress,$80,gap.com,http://ak1.polyvoreimg.com/cgi/img-thing/size/l/tid/150128305.jpg
White Open Back Side Pocket Casual Dress,$28,maykool.com,http://ak1.polyvoreimg.com/cgi/img-thing/size/l/tid/143362527.jpg
White Crochet Lace Netted Side Pocket Midi Dress,$35,maykool.com,http://ak2.polyvoreimg.com/cgi/img-thing/size/l/tid/143364340.jpg
Valentino Short Dresses,$990,italist.com,http://ak1.polyvoreimg.com/cgi/img-thing/size/l/tid/149089660.jpg
Tartan Dress White and Grey Viscose Hand Made Scottish Tartan Fabric Long Sleeves Maxi Dress,$212,etsy.com,http://ak2.polyvoreimg.com/cgi/img-thing/size/l/tid/155789959.jpg
Marques Almeida Short Dress,$258,thecorner.com,http://ak2.polyvoreimg.com/cgi/img-thing/size/l/tid/147249959.jpg
Tara Jarmon Yellow And Blue Jacquard Dress,$158,halsbrook.com,http://ak2.polyvoreimg.com/cgi/img-thing/size/l/tid/144873067.jpg
Pre-owned Shoshanna Navy & Red Tweed Short Sleeve Dress,$111,currentboutique.com,http://ak2.polyvoreimg.com/cgi/img-thing/size/l/tid/156005306.jpg
Pre-owned Karl Lagerfeld Black and Pink Vintage Dress Size 8,$255,1stdibs.com,http://ak1.polyvoreimg.com/cgi/img-thing/size/l/tid/155634931.jpg
Joana Almagro - Rose Plaid Dress,$648,wolfandbadger.com,http://ak2.polyvoreimg.com/cgi/img-thing/size/l/tid/152033523.jpg
By Sun - Pink Shoulder Pleated A-Line Dress,$272,wolfandbadger.com,http://ak1.polyvoreimg.com/cgi/img-thing/size/l/tid/138215809.jpg
Pre-owned Black Halo Halo Moroccan Shift In Pink/ Dress,$108,tradesy.com,http://ak2.polyvoreimg.com/cgi/img-thing/size/l/tid/155998452.jpg
Boohoo Gabriella Suedette Dungaree Dress,$35,boohoo.com,http://ak1.polyvoreimg.com/cgi/img-thing/size/l/tid/153468097.jpg
Yoins Yoins Letter Printing Hoodie Dress,$20,yoins.com,http://ak1.polyvoreimg.com/cgi/img-thing/size/l/tid/154789450.jpg
Redvalentino Daisies And Cherries Printed Dress,$695,redvalentino.com,http://ak2.polyvoreimg.com/cgi/img-thing/size/l/tid/154937555.jpg
Pre-owned Burberry Brit Lapis Blue 'wednesday' Ramie Dress,$696,tradesy.com,http://ak1.polyvoreimg.com/cgi/img-thing/size/l/tid/155637235.jpg
Jupe de Abby Gray Knit Dress,$49,modli.co,http://ak1.polyvoreimg.com/cgi/img-thing/size/l/tid/154781658.jpg
Violeta BY MANGO Side Pockets Dress,$110,mango.com,http://ak2.polyvoreimg.com/cgi/img-thing/size/l/tid/149272740.jpg
MANGO Soft Denim Dress,$70,mango.com,http://ak1.polyvoreimg.com/cgi/img-thing/size/l/tid/140848158.jpg
ERDEM Alouette Gown,"$4,080",boutique1.com,http://ak1.polyvoreimg.com/cgi/img-thing/size/l/tid/142536789.jpg
"Coast Petite Cassie Printed Dress, Multi",$205,johnlewis.com,http://ak1.polyvoreimg.com/cgi/img-thing/size/l/tid/155261645.jpg
Cheap Monday Women's Raw Plaid Shirt Dress,$115,amazon.com,http://ak2.polyvoreimg.com/cgi/img-thing/size/l/tid/150386621.jpg
"Barbour Dalmore Stripe Dress, Yellow",$90,johnlewis.com,http://ak2.polyvoreimg.com/cgi/img-thing/size/l/tid/156281339.jpg
FRAME DENIM Shirt Dress,$359,boutique1.com,http://ak2.polyvoreimg.com/cgi/img-thing/size/l/tid/140420571.jpg
"Mint Velvet Neema Print Dress, Multi",$150,johnlewis.com,http://ak2.polyvoreimg.com/cgi/img-thing/size/l/tid/155957479.jpg
Vince Camuto Floral-Print Pleated A-Line Dress,$90,macys.com,http://ak2.polyvoreimg.com/cgi/img-thing/size/l/tid/148794643.jpg
"VICTORIA, VICTORIA BECKHAM Strappy Dress",$707,boutique1.com,http://ak2.polyvoreimg.com/cgi/img-thing/size/l/tid/155803013.jpg
RHIÉ Plaid Knit Dress,$575,barneys.com,http://ak1.polyvoreimg.com/cgi/img-thing/size/l/tid/146695459.jpg
Quirky Mid-length Sleeveless A-line Start Spreading the Mews Dress,$80,modcloth.com,http://ak2.polyvoreimg.com/cgi/img-thing/size/l/tid/151051483.jpg
Mid-length Sleeveless Sheath Teaching Classy Dress,$65,modcloth.com,http://ak1.polyvoreimg.com/cgi/img-thing/size/l/tid/148051606.jpg
Andrea Marques Abstract Print Spaghetti Straps Dress,$430,farfetch.com,http://ak2.polyvoreimg.com/cgi/img-thing/size/l/tid/154514075.jpg
Erin Fetherston Ruscha Dress,$295,anthropologie.com,http://ak1.polyvoreimg.com/cgi/img-thing/size/l/tid/150183322.jpg
Moulinette Soeurs Dancette Dress,$368,anthropologie.com,http://ak2.polyvoreimg.com/cgi/img-thing/size/l/tid/153466137.jpg
Trina Turk Ninette Dress,$498,anthropologie.com,http://ak1.polyvoreimg.com/cgi/img-thing/size/l/tid/151953186.jpg
Sachin & Babi Noir Confetti-Print Tea-Length Dress,$895,neimanmarcus.com,http://ak2.polyvoreimg.com/cgi/img-thing/size/l/tid/143376116.jpg
I'M ISOLA MARRAS Off The Shoulder Cotton Poplin Dress,$480,luisaviaroma.com,http://ak1.polyvoreimg.com/cgi/img-thing/size/l/tid/156370702.jpg
ANTONIO MARRAS Cotton Sangallo Lace & Poplin Dress,$895,luisaviaroma.com,http://ak2.polyvoreimg.com/cgi/img-thing/size/l/tid/156374237.jpg
Uma Sleeveless Long Day Dress,$270,farfetch.com,http://ak2.polyvoreimg.com/cgi/img-thing/size/l/tid/155409345.jpg
Uma Sleeveless Long Day Dress,$270,farfetch.com,http://ak2.polyvoreimg.com/cgi/img-thing/size/l/tid/155409479.jpg
Velvet Gabrielle Plaid Dress,$111,shopbop.com,http://ak1.polyvoreimg.com/cgi/img-thing/size/l/tid/152024166.jpg
Pre-owned Carven Dress,$125,therealreal.com,http://ak2.polyvoreimg.com/cgi/img-thing/size/l/tid/155958773.jpg
Chicwish Plaid Check Flair A-line Dress,$68,chicwish.com,http://ak1.polyvoreimg.com/cgi/img-thing/size/l/tid/153205542.jpg
Gap Women Dobby V Neck Fit & Flare Dress,$49,gap.com,http://ak2.polyvoreimg.com/cgi/img-thing/size/l/tid/146609156.jpg
Chicwish Ruffled Sleeves Knit Dress in Black,$53,chicwish.com,http://ak2.polyvoreimg.com/cgi/img-thing/size/l/tid/152512794.jpg
Pre-owned Chloé Silk Dress,$225,therealreal.com,http://ak2.polyvoreimg.com/cgi/img-thing/size/l/tid/156159799.jpg
needle & thread Enchanted Gloss Dress,$269,saksfifthavenue.com,http://ak2.polyvoreimg.com/cgi/img-thing/size/l/tid/145157955.jpg
JILL Jill Stuart Miramare Midi Dress,$578,anthropologie.com,http://ak2.polyvoreimg.com/cgi/img-thing/size/l/tid/152782274.jpg
Pre-owned Rachel Comey Hewlett Dress,$125,therealreal.com,http://ak2.polyvoreimg.com/cgi/img-thing/size/l/tid/156295101.jpg
Jil Sander Seamed Tee Dress,$540,lagarconne.com,http://ak1.polyvoreimg.com/cgi/img-thing/size/l/tid/156670703.jpg
Jil Sander Seamed Tee Dress,$540,lagarconne.com,http://ak2.polyvoreimg.com/cgi/img-thing/size/l/tid/156764085.jpg
Proenza Schouler Flared Poplin Dress,$950,lagarconne.com,http://ak1.polyvoreimg.com/cgi/img-thing/size/l/tid/156670923.jpg
Theia Silk-Blend Floral Print Sheath Dress,$446,lordandtaylor.com,http://ak1.polyvoreimg.com/cgi/img-thing/size/l/tid/138112733.jpg
Zero + Maria Cornejo Sil Dress,$498,shopbop.com,http://ak2.polyvoreimg.com/cgi/img-thing/size/l/tid/146915976.jpg
Zimmermann Empire Roped Shift,$895,shopbop.com,http://ak1.polyvoreimg.com/cgi/img-thing/size/l/tid/151052610.jpg
Just Female Lola Dress,$136,shopbop.com,http://ak2.polyvoreimg.com/cgi/img-thing/size/l/tid/150411798.jpg
Flynn Skye Piper Maxi Dress,$209,shopbop.com,http://ak2.polyvoreimg.com/cgi/img-thing/size/l/tid/150499857.jpg
Saint Laurent Lavaliere Shirt Dress,"$2,089",ysl.com,http://ak2.polyvoreimg.com/cgi/img-thing/size/l/tid/143956206.jpg
Closet Wrap Front Pleated Pencil Dress,$81,asos.com,http://ak1.polyvoreimg.com/cgi/img-thing/size/l/tid/149893339.jpg
ASOS Denim Belted Shirt Dress In Rich Blue Wash,$63,asos.com,http://ak2.polyvoreimg.com/cgi/img-thing/size/l/tid/150940054.jpg
Monki Cami Denim Sun Dress,$54,asos.com,http://ak1.polyvoreimg.com/cgi/img-thing/size/l/tid/146970240.jpg
DELPOZO Dress With Half Cape Cut Skirt,"$4,475",modaoperandi.com,http://ak2.polyvoreimg.com/cgi/img-thing/size/l/tid/153785629.jpg
Hedonia Vegas Dress With Pockets,$63,asos.com,http://ak2.polyvoreimg.com/cgi/img-thing/size/l/tid/148677755.jpg
Helene Berman Floral Jacquard Prom Dress With V Back,$135,asos.com,http://ak1.polyvoreimg.com/cgi/img-thing/size/l/tid/153040387.jpg
Paule Ka White And Blue Stretch Cotton Poplin Dress,$655,halsbrook.com,http://ak2.polyvoreimg.com/cgi/img-thing/size/l/tid/155142329.jpg
Rochas Sleeveless Doubleface Wool Angora Seamed Dress,"$2,155",modaoperandi.com,http://ak1.polyvoreimg.com/cgi/img-thing/size/l/tid/153880606.jpg
ROKSANDA Mauritz Dress,"$2,185",modaoperandi.com,http://ak1.polyvoreimg.com/cgi/img-thing/size/l/tid/153791896.jpg
BCBGMAXAZRIA Cailyn Cambria Dress,$268,shopbop.com,http://ak1.polyvoreimg.com/cgi/img-thing/size/l/tid/153675734.jpg
50s Dress Pink Dress 50s Wedding Dress 1950s Wedding Dress Bridal Dress Garden Party Dress Plu,$505,etsy.com,http://ak2.polyvoreimg.com/cgi/img-thing/size/l/tid/155783678.jpg
Yoins Yoins Grey High Neck Skinny Mini Dress,$16,yoins.com,http://ak1.polyvoreimg.com/cgi/img-thing/size/l/tid/154120462.jpg
MSGM Short Dresses,$300,italist.com,http://ak1.polyvoreimg.com/cgi/img-thing/size/l/tid/154522235.jpg
Pre-owned Shoshanna Metallic Gold Silk Blend Strapless Dress,$89,currentboutique.com,http://ak1.polyvoreimg.com/cgi/img-thing/size/l/tid/137779957.jpg
Pre-owned Missoni for Bullock's Vintage Knit Sweater Dress,$425,1stdibs.com,http://ak1.polyvoreimg.com/cgi/img-thing/size/l/tid/155769891.jpg
On Beautiful African Dashiki Tribal Mod Dress,$94,etsy.com,http://ak1.polyvoreimg.com/cgi/img-thing/size/l/tid/155863681.jpg
Dora Dress Ready to Ship 2xl,$95,etsy.com,http://ak2.polyvoreimg.com/cgi/img-thing/size/l/tid/156012960.jpg
Pre-owned Mayle Blue Dalmatia Makino Dress,$200,tradesy.com,http://ak2.polyvoreimg.com/cgi/img-thing/size/l/tid/156721132.jpg
Pre-owned Red Valentino Navy Dotted Dress With Bow Dress,$850,tradesy.com,http://ak2.polyvoreimg.com/cgi/img-thing/size/l/tid/155613238.jpg
Pre-owned Shoshanna Grey & Black Tweed Sleeveless Dress,$115,currentboutique.com,http://ak1.polyvoreimg.com/cgi/img-thing/size/l/tid/154506938.jpg
Pre-owned 1960s Givenchy Haute Couture Little Black Wool Dress,"$1,075",1stdibs.com,http://ak1.polyvoreimg.com/cgi/img-thing/size/l/tid/154902541.jpg
Boohoo Gabriella Suedette Dungaree Dress,$35,boohoo.com,http://ak2.polyvoreimg.com/cgi/img-thing/size/l/tid/153158865.jpg
Pre-owned Max Mara Purple / Pink Weekend Dress,$146,tradesy.com,http://ak1.polyvoreimg.com/cgi/img-thing/size/l/tid/155652364.jpg
Redvalentino Strawberry Jacquard Dress,$695,redvalentino.com,http://ak1.polyvoreimg.com/cgi/img-thing/size/l/tid/154937512.jpg
Redvalentino Organza Devoré Dress,$450,redvalentino.com,http://ak2.polyvoreimg.com/cgi/img-thing/size/l/tid/152895639.jpg
MANGO Floral Print Dress,$60,mango.com,http://ak1.polyvoreimg.com/cgi/img-thing/size/l/tid/156365317.jpg
Ballentina Tank Dress with Side Pockets,$52,houseoffraser.co.uk,http://ak1.polyvoreimg.com/cgi/img-thing/size/l/tid/146479798.jpg
"Mango Cotton Jacquard Dress, Black/Multi",$60,johnlewis.com,http://ak1.polyvoreimg.com/cgi/img-thing/size/l/tid/156136685.jpg
VELVET BY GRAHAM & SPENCER Women's Plaid Shirtdress,$64,amazon.com,http://ak1.polyvoreimg.com/cgi/img-thing/size/l/tid/147503579.jpg
Vince Camuto Foil Lattice-Print Pleated A-Line Dress,$88,macys.com,http://ak1.polyvoreimg.com/cgi/img-thing/size/l/tid/148602040.jpg
Stella McCartney Cady Sleeveless Shift Dress,$769,barneys.com,http://ak1.polyvoreimg.com/cgi/img-thing/size/l/tid/145494543.jpg
A.L.C. Jones Dress Dresses,$278,revolveclothing.com,http://ak1.polyvoreimg.com/cgi/img-thing/size/l/tid/136401440.jpg
Vera Wang Sleeveless Column Gown,"$1,895",farfetch.com,http://ak2.polyvoreimg.com/cgi/img-thing/size/l/tid/148865235.jpg
Theia Sleeveless Floral Jacquard Ball Gown,"$1,295",neimanmarcus.com,http://ak1.polyvoreimg.com/cgi/img-thing/size/l/tid/139930336.jpg
Mid-length Cap Sleeves Shift Teaching Classy Dress,$60,modcloth.com,http://ak1.polyvoreimg.com/cgi/img-thing/size/l/tid/149987171.jpg
Andrea Marques Flared Wrap Dress,$421,farfetch.com,http://ak2.polyvoreimg.com/cgi/img-thing/size/l/tid/154513647.jpg
Cynthia Rowley Lyonesse Dress,$448,anthropologie.com,http://ak1.polyvoreimg.com/cgi/img-thing/size/l/tid/151676519.jpg
Bordeaux Sleeveless Mockneck Dress,$118,anthropologie.com,http://ak1.polyvoreimg.com/cgi/img-thing/size/l/tid/148577696.jpg
Sparrow Boiled Wool Mock-Neck Dress,$158,anthropologie.com,http://ak1.polyvoreimg.com/cgi/img-thing/size/l/tid/154220629.jpg
4.collective Tiered Minka Dress,$495,anthropologie.com,http://ak2.polyvoreimg.com/cgi/img-thing/size/l/tid/150882624.jpg
ROCHAS Ruffled Silk Organza Maxi Dress,"$3,345",luisaviaroma.com,http://ak2.polyvoreimg.com/cgi/img-thing/size/l/tid/156349644.jpg
SPORTMAX Buckled Cady Maxi Dress,"$1,150",luisaviaroma.com,http://ak2.polyvoreimg.com/cgi/img-thing/size/l/tid/156460738.jpg
CATERINA GATTA Virginia Woolf Print Silk Sable Dress,$916,luisaviaroma.com,http://ak2.polyvoreimg.com/cgi/img-thing/size/l/tid/156358783.jpg
Lela Rose Off-The-Shoulder Cutout Dress,$488,neimanmarcus.com,http://ak2.polyvoreimg.com/cgi/img-thing/size/l/tid/120396368.jpg
Black Halo Pleated Satin Strapless Gown,$414,saksfifthavenue.com,http://ak2.polyvoreimg.com/cgi/img-thing/size/l/tid/142716045.jpg
Chicwish Adore Stitches Washed Denim Dress,$59,chicwish.com,http://ak1.polyvoreimg.com/cgi/img-thing/size/l/tid/152920129.jpg
Chicwish Brownie Stripes Crepe Dress,$51,chicwish.com,http://ak2.polyvoreimg.com/cgi/img-thing/size/l/tid/152512563.jpg
Gap Women Dobby V Neck Fit & Flare Dress,$30,gap.com,http://ak2.polyvoreimg.com/cgi/img-thing/size/l/tid/144062403.jpg
Halston Heritage Bonded Satin Halter Dress,$309,lordandtaylor.com,http://ak2.polyvoreimg.com/cgi/img-thing/size/l/tid/150806819.jpg
Pre-owned Nina Ricci Dress,$145,therealreal.com,http://ak1.polyvoreimg.com/cgi/img-thing/size/l/tid/156110315.jpg
Equipment Knox Lace-Up Silk Dress,$278,saksfifthavenue.com,http://ak2.polyvoreimg.com/cgi/img-thing/size/l/tid/155784398.jpg
Moulinette Soeurs Sumi Mockneck Gown,$248,anthropologie.com,http://ak1.polyvoreimg.com/cgi/img-thing/size/l/tid/152781236.jpg
MM6 Wool Tux Dress,$357,shopbop.com,http://ak1.polyvoreimg.com/cgi/img-thing/size/l/tid/142023656.jpg
Pre-owned Rachel Comey Bella Dress,$125,therealreal.com,http://ak2.polyvoreimg.com/cgi/img-thing/size/l/tid/156307758.jpg
Pre-owned Marni Shift Dress,$125,therealreal.com,http://ak2.polyvoreimg.com/cgi/img-thing/size/l/tid/155882962.jpg
6397 Chambray Tunic Dress,$395,lagarconne.com,http://ak2.polyvoreimg.com/cgi/img-thing/size/l/tid/155237582.jpg
NHA KHANH Melanie Lace-Trim Pleated Dress,$357,saksfifthavenue.com,http://ak2.polyvoreimg.com/cgi/img-thing/size/l/tid/145699385.jpg
Pre-owned Diane von Furstenberg Dress,$75,therealreal.com,http://ak1.polyvoreimg.com/cgi/img-thing/size/l/tid/156778461.jpg
Rachel Pally Long Sleeve Lovely Dress,$218,shopbop.com,http://ak2.polyvoreimg.com/cgi/img-thing/size/l/tid/148825631.jpg
Versace Sleeveless Dress,"$1,675",shopbop.com,http://ak2.polyvoreimg.com/cgi/img-thing/size/l/tid/149617633.jpg
Reclaimed Vintage Denim Shirt Dress,$72,asos.com,http://ak1.polyvoreimg.com/cgi/img-thing/size/l/tid/151828327.jpg
ASOS Mini Asymmetric Pocket Dress with Kimono Sleeves,$76,asos.com,http://ak1.polyvoreimg.com/cgi/img-thing/size/l/tid/154160026.jpg
Prabal Gurung Drop Waist Degrade Ostrich Feather Embroidery Dress,"$9,995",modaoperandi.com,http://ak1.polyvoreimg.com/cgi/img-thing/size/l/tid/153658441.jpg
Xander Oxford Classic Shirt Dress,$360,halsbrook.com,http://ak2.polyvoreimg.com/cgi/img-thing/size/l/tid/148682355.jpg
Mother of Pearl Kara Lemon Stripe Long T-Shirt Dress,$895,modaoperandi.com,http://ak1.polyvoreimg.com/cgi/img-thing/size/l/tid/153659860.jpg
Rochas Doubleface Wool Angora Shift Dress,"$2,290",modaoperandi.com,http://ak1.polyvoreimg.com/cgi/img-thing/size/l/tid/153770420.jpg
Kalmanovich Polka Dot Dress,"$1,605",modaoperandi.com,http://ak2.polyvoreimg.com/cgi/img-thing/size/l/tid/156367532.jpg
Apres Ramy Brook Bria Mini Dress,$116,shopbop.com,http://ak1.polyvoreimg.com/cgi/img-thing/size/l/tid/145649736.jpg
Traffic People Nana's Love Hepburn Dress With Lace Trim,$90,asos.com,http://ak2.polyvoreimg.com/cgi/img-thing/size/l/tid/155675562.jpg
MSGM Short Dresses,$265,italist.com,http://ak2.polyvoreimg.com/cgi/img-thing/size/l/tid/154085883.jpg
Love Moschino Short Dresses,$120,italist.com,http://ak1.polyvoreimg.com/cgi/img-thing/size/l/tid/154415405.jpg
Pre-owned Kenzo Floral Shirt Dress - 1970s / 1980s,$384,1stdibs.com,http://ak2.polyvoreimg.com/cgi/img-thing/size/l/tid/154516396.jpg
Foliage Print Winter Dress,$199,etsy.com,http://ak2.polyvoreimg.com/cgi/img-thing/size/l/tid/155872176.jpg
Christmas Big Fuzzy Panel Maxi Dress,$118,etsy.com,http://ak2.polyvoreimg.com/cgi/img-thing/size/l/tid/156457721.jpg
Yuki Shirtdress,$188,etsy.com,http://ak1.polyvoreimg.com/cgi/img-thing/size/l/tid/156457539.jpg
Linen Dress Long Sleeved Linen Dress Comfortable Womens Linen Dress Natural Flax Dress,$96,etsy.com,http://ak1.polyvoreimg.com/cgi/img-thing/size/l/tid/155597966.jpg
Pre-owned Henii Y Yellow Silk Short Sleeve Dress,$89,currentboutique.com,http://ak1.polyvoreimg.com/cgi/img-thing/size/l/tid/154919750.jpg
Pre-owned Max Mara Black Silk Short Sleeve Shirt Dress,$175,currentboutique.com,http://ak1.polyvoreimg.com/cgi/img-thing/size/l/tid/154919862.jpg
Pre-owned Fabulous 1980s YSL Crepe Dress,$630,1stdibs.com,http://ak1.polyvoreimg.com/cgi/img-thing/size/l/tid/155161936.jpg
Pre-owned Kate Spade Mariella Dress,$187,tradesy.com,http://ak1.polyvoreimg.com/cgi/img-thing/size/l/tid/156721603.jpg
Yoins Yoins Red Check Lace Sleeve Dress,$32,yoins.com,http://ak1.polyvoreimg.com/cgi/img-thing/size/l/tid/152606120.jpg
Pre-owned 3.1 Phillip Lim Dark Taupe Beaded Dress,$110,tradesy.com,http://ak2.polyvoreimg.com/cgi/img-thing/size/l/tid/156783754.jpg
Forever 21 Women's Zippered Scuba Knit Dress,$23,forever21.com,http://ak2.polyvoreimg.com/cgi/img-thing/size/l/tid/148483754.jpg
Pre-owned Prada Dress Short Sleeve Button Collared Waist Tie Cotton,$253,tradesy.com,http://ak1.polyvoreimg.com/cgi/img-thing/size/l/tid/155379201.jpg
MANGO Drawstring Waist Dress,$80,mango.com,http://ak2.polyvoreimg.com/cgi/img-thing/size/l/tid/144768569.jpg
Mango Drawstring waist dress,$67,houseoffraser.co.uk,http://ak2.polyvoreimg.com/cgi/img-thing/size/l/tid/149950123.jpg
"VICTORIA, VICTORIA BECKHAM Structured Flower Print Dress","$1,386",boutique1.com,http://ak1.polyvoreimg.com/cgi/img-thing/size/l/tid/155803225.jpg
"Karen Millen Textured Cotton Blend Dress, Fuchsia",$120,johnlewis.com,http://ak1.polyvoreimg.com/cgi/img-thing/size/l/tid/132711080.jpg
"White Stuff Scenic Jersey Dress, Dark Moon Grey",$97,johnlewis.com,http://ak1.polyvoreimg.com/cgi/img-thing/size/l/tid/155739982.jpg
"Mango Floral Print Dress, Black/Multi",$52,johnlewis.com,http://ak1.polyvoreimg.com/cgi/img-thing/size/l/tid/154229321.jpg
Natalie Martin Nico Maxi Dress,$370,barneys.com,http://ak2.polyvoreimg.com/cgi/img-thing/size/l/tid/146700332.jpg
T By Alexander Wang Scuba Neoprene Dress,$240,farfetch.com,http://ak2.polyvoreimg.com/cgi/img-thing/size/l/tid/143681931.jpg
Philipp Plein Amanda Dress,"$1,128",farfetch.com,http://ak2.polyvoreimg.com/cgi/img-thing/size/l/tid/124858657.jpg
Martel Checkered Wool Midi Dress,$548,anthropologie.com,http://ak2.polyvoreimg.com/cgi/img-thing/size/l/tid/152781949.jpg
Plenty by Tracy Reese Estuary Dress,$138,anthropologie.com,http://ak2.polyvoreimg.com/cgi/img-thing/size/l/tid/146863732.jpg
Raoul Tie-Neck Shirtdress,$198,anthropologie.com,http://ak1.polyvoreimg.com/cgi/img-thing/size/l/tid/152134140.jpg
Vince Waist-Tie Leather/Knit Combo Dress,$247,neimanmarcus.com,http://ak1.polyvoreimg.com/cgi/img-thing/size/l/tid/137171252.jpg
SPORTMAX Striped Satin Maxi Dress,"$1,625",luisaviaroma.com,http://ak2.polyvoreimg.com/cgi/img-thing/size/l/tid/156461616.jpg
PICCIONE.PICCIONE Embellished & Printed Ottoman Dress,"$1,205",luisaviaroma.com,http://ak2.polyvoreimg.com/cgi/img-thing/size/l/tid/156354260.jpg
DIESEL BLACK GOLD Nappa Leather Overall Dress,"$1,250",luisaviaroma.com,http://ak1.polyvoreimg.com/cgi/img-thing/size/l/tid/156361500.jpg
ALBERTA FERRETTI Sleeveless Printed Cotton Faille Dress,"$1,690",luisaviaroma.com,http://ak2.polyvoreimg.com/cgi/img-thing/size/l/tid/156371704.jpg
SPORTMAX Buckled Suede Maxi Dress,"$2,250",luisaviaroma.com,http://ak1.polyvoreimg.com/cgi/img-thing/size/l/tid/156461444.jpg
DOLCE & GABBANA Maiolica Printed Silk Twill Dress,"$2,995",luisaviaroma.com,http://ak1.polyvoreimg.com/cgi/img-thing/size/l/tid/156371293.jpg
ALBERTA FERRETTI Printed Silk Chiffon & Lurex Dress,"$1,990",luisaviaroma.com,http://ak1.polyvoreimg.com/cgi/img-thing/size/l/tid/156352829.jpg
Vera Wang Leather Flared Dress,"$1,595",farfetch.com,http://ak1.polyvoreimg.com/cgi/img-thing/size/l/tid/148869858.jpg
Pre-owned Piazza Sempione Dress,$195,therealreal.com,http://ak1.polyvoreimg.com/cgi/img-thing/size/l/tid/156149054.jpg
Pre-owned Marni Dress,$125,therealreal.com,http://ak1.polyvoreimg.com/cgi/img-thing/size/l/tid/155884943.jpg
Pre-owned Magaschoni Dress,$110,therealreal.com,http://ak2.polyvoreimg.com/cgi/img-thing/size/l/tid/155720552.jpg
Gap Women Tencel Denim Fit & Flare Dress,$70,gap.com,http://ak2.polyvoreimg.com/cgi/img-thing/size/l/tid/139255629.jpg
Moulinette Soeurs Sedna Suede Shift,$398,anthropologie.com,http://ak2.polyvoreimg.com/cgi/img-thing/size/l/tid/149862594.jpg
Pre-owned Jason Wu Cocktail Mini Dress,$245,therealreal.com,http://ak1.polyvoreimg.com/cgi/img-thing/size/l/tid/156462348.jpg
Pre-owned 3.1 Phillip Lim Mini Dress,$75,therealreal.com,http://ak1.polyvoreimg.com/cgi/img-thing/size/l/tid/156301887.jpg
Ralph Lauren Black Label Taylor Suede-Yoked Wool Dress,$537,saksfifthavenue.com,http://ak1.polyvoreimg.com/cgi/img-thing/size/l/tid/144911207.jpg
Trina Turk Tweed Zigzag-Patterned Dress,$197,saksfifthavenue.com,http://ak1.polyvoreimg.com/cgi/img-thing/size/l/tid/145159118.jpg
Michael Kors Collection Belted Halter Maxi Dress,"$1,077",saksfifthavenue.com,http://ak2.polyvoreimg.com/cgi/img-thing/size/l/tid/136584768.jpg
Pre-owned Burberry Brit Silk Dress,$175,therealreal.com,http://ak2.polyvoreimg.com/cgi/img-thing/size/l/tid/156297136.jpg
Essentiel Windowpane Shift Dress,$177,lordandtaylor.com,http://ak1.polyvoreimg.com/cgi/img-thing/size/l/tid/149628120.jpg
Pre-owned Alice + Olivia Dress,$50,therealreal.com,http://ak2.polyvoreimg.com/cgi/img-thing/size/l/tid/156293161.jpg
Marc by Marc Jacobs Chalky Tartan Crepe Dress,$458,shopbop.com,http://ak1.polyvoreimg.com/cgi/img-thing/size/l/tid/150969528.jpg
DEMYLEE Dania Cashmere Tunic Dress,$348,shopbop.com,http://ak1.polyvoreimg.com/cgi/img-thing/size/l/tid/149860706.jpg
Lisa Perry Lady Dress,$348,shopbop.com,http://ak2.polyvoreimg.com/cgi/img-thing/size/l/tid/152537641.jpg
WAYF Tie Front Pleated Dress,$98,shopbop.com,http://ak1.polyvoreimg.com/cgi/img-thing/size/l/tid/146277426.jpg
Free People Plaid French Riviera Dress,$118,shopbop.com,http://ak2.polyvoreimg.com/cgi/img-thing/size/l/tid/146049893.jpg
ASOS WHITE Batwing Placket Shirt Dress,$117,asos.com,http://ak2.polyvoreimg.com/cgi/img-thing/size/l/tid/154686321.jpg
Traffic People Snowballs Textured Long Sleeve Dress,$72,asos.com,http://ak2.polyvoreimg.com/cgi/img-thing/size/l/tid/146695539.jpg
Self Portrait Scallop Edge Midi Dress,$466,asos.com,http://ak2.polyvoreimg.com/cgi/img-thing/size/l/tid/150470179.jpg
Reclaimed Vintage Velvet Shirt Dress,$72,asos.com,http://ak1.polyvoreimg.com/cgi/img-thing/size/l/tid/154159981.jpg
Mango Sleeveless Button Front Dress,$144,asos.com,http://ak2.polyvoreimg.com/cgi/img-thing/size/l/tid/149893204.jpg
Pre-owned Jean Paul Gaultier Dramatic Goth Gown with Flowing Cape,"$2,500",1stdibs.com,http://ak1.polyvoreimg.com/cgi/img-thing/size/l/tid/149688885.jpg
MSGM Georgette Shirt Dress,$680,modaoperandi.com,http://ak1.polyvoreimg.com/cgi/img-thing/size/l/tid/153709228.jpg
Kalmanovich Sleeveless Dress With Feathered Hem,"$1,080",modaoperandi.com,http://ak1.polyvoreimg.com/cgi/img-thing/size/l/tid/156290703.jpg
Temperley London Lilla Leopard Structured Dress,$638,shopbop.com,http://ak1.polyvoreimg.com/cgi/img-thing/size/l/tid/142227179.jpg
Mary Katrantzou Folli Rose Blue Nevis Dress,"$3,720",modaoperandi.com,http://ak1.polyvoreimg.com/cgi/img-thing/size/l/tid/153607456.jpg
Carven Lace Dress,$395,shopbop.com,http://ak1.polyvoreimg.com/cgi/img-thing/size/l/tid/143409521.jpg
Pre-owned BCBG Red Silk Pleated Halter Dress,$75,currentboutique.com,http://ak2.polyvoreimg.com/cgi/img-thing/size/l/tid/146315642.jpg
On African Dashiki Tunic Fire Spirit Tribal Dress,$94,etsy.com,http://ak1.polyvoreimg.com/cgi/img-thing/size/l/tid/155863238.jpg
Rola Bola Dress Red,$82,etsy.com,http://ak1.polyvoreimg.com/cgi/img-thing/size/l/tid/155859105.jpg
Maxi Dress in African fabric/full Skirt Maxi dress/princess Cut Dress,$150,etsy.com,http://ak2.polyvoreimg.com/cgi/img-thing/size/l/tid/154927770.jpg
Oversized Mustard Flapper Dress Mid Length Long Sleeve Trendy Dress With Side Pockets,$236,etsy.com,http://ak2.polyvoreimg.com/cgi/img-thing/size/l/tid/147147040.jpg
Pre-owned Lilly Pulitzer Teal & Gold Cotton Blend Dress,$69,currentboutique.com,http://ak2.polyvoreimg.com/cgi/img-thing/size/l/tid/143444969.jpg
Pre-owned Milly White & Navy Eyelet Cotton Sleeveless Dress,$99,currentboutique.com,http://ak1.polyvoreimg.com/cgi/img-thing/size/l/tid/144710855.jpg
Pre-owned Geoffrey Beene Cream and Black Sailor Inspired Dress Size Small,$595,1stdibs.com,http://ak2.polyvoreimg.com/cgi/img-thing/size/l/tid/153560596.jpg
Tartan Dress Red and Grey Viscose Hand Made Scottish Tartan Fabric Long Sleeves Maxi Dress M,$212,etsy.com,http://ak2.polyvoreimg.com/cgi/img-thing/size/l/tid/155687938.jpg
Pre-owned 3.1 Phillip Lim Dress,$155,tradesy.com,http://ak1.polyvoreimg.com/cgi/img-thing/size/l/tid/155342568.jpg
Pre-owned Diane Von Furstenberg White And Black Dress,$137,tradesy.com,http://ak2.polyvoreimg.com/cgi/img-thing/size/l/tid/155213212.jpg
Pre-owned White For Love & Lemons Breezy Sheer Long Maxi Maxi Dress,$345,tradesy.com,http://ak1.polyvoreimg.com/cgi/img-thing/size/l/tid/148280901.jpg
MANGO Floral Print Dress,$60,mango.com,http://ak1.polyvoreimg.com/cgi/img-thing/size/l/tid/154081396.jpg
"Hobbs Maitilde Dress, Acacia Green",$240,johnlewis.com,http://ak1.polyvoreimg.com/cgi/img-thing/size/l/tid/147424896.jpg
MARY KATRANTZOU Silk Dress,"$1,137",boutique1.com,http://ak2.polyvoreimg.com/cgi/img-thing/size/l/tid/147761770.jpg
"Warehouse Tailored Shirt Dress, Beige",$37,johnlewis.com,http://ak2.polyvoreimg.com/cgi/img-thing/size/l/tid/143395700.jpg
Velvet by Graham and Spencer Embroidered Drop-Waist Dress,$297,anthropologie.com,http://ak1.polyvoreimg.com/cgi/img-thing/size/l/tid/152782295.jpg
Maeve Cabled Colorblock Dress,$158,anthropologie.com,http://ak2.polyvoreimg.com/cgi/img-thing/size/l/tid/146123797.jpg
The Row Striped Bruna Kaftan Dress,"$2,309",barneys.com,http://ak2.polyvoreimg.com/cgi/img-thing/size/l/tid/138731980.jpg
Andrea Marques Foliage Printed Midi Dress,$499,farfetch.com,http://ak2.polyvoreimg.com/cgi/img-thing/size/l/tid/154513551.jpg
Tylho Acadie Tie-Neck Dress,$148,anthropologie.com,http://ak1.polyvoreimg.com/cgi/img-thing/size/l/tid/154220524.jpg
Plenty by Tracy Reese Kurta Midi Dress,$188,anthropologie.com,http://ak1.polyvoreimg.com/cgi/img-thing/size/l/tid/151399429.jpg
Holding Horses Lexington Shirtdress,$148,anthropologie.com,http://ak1.polyvoreimg.com/cgi/img-thing/size/l/tid/151953311.jpg
Leifsdottir Shangri-La Jacquard Swing Dress,$288,anthropologie.com,http://ak2.polyvoreimg.com/cgi/img-thing/size/l/tid/149579825.jpg
Burning Torch Antonia Pieced Maxi Dress,$528,anthropologie.com,http://ak2.polyvoreimg.com/cgi/img-thing/size/l/tid/148953820.jpg
PETER PILOTTO Off The Shoulders Cotton Poplin Dress,"$1,337",luisaviaroma.com,http://ak2.polyvoreimg.com/cgi/img-thing/size/l/tid/156585907.jpg
ROCHAS Striped Silk Blend Duchesse Dress,"$1,458",luisaviaroma.com,http://ak2.polyvoreimg.com/cgi/img-thing/size/l/tid/156365350.jpg
RED VALENTINO Floral Printed Cotton Poplin Shirt Dress,$795,luisaviaroma.com,http://ak1.polyvoreimg.com/cgi/img-thing/size/l/tid/156587834.jpg
I'M ISOLA MARRAS Striped Short Sleeve Cotton Shirt Dress,$480,luisaviaroma.com,http://ak1.polyvoreimg.com/cgi/img-thing/size/l/tid/156368921.jpg
GOLDEN GOOSE DELUXE BRAND Trademarked Printed Fluid Dress,$825,luisaviaroma.com,http://ak1.polyvoreimg.com/cgi/img-thing/size/l/tid/156373905.jpg
MAX MARA Cotton Poplin Wrap Dress,$850,luisaviaroma.com,http://ak2.polyvoreimg.com/cgi/img-thing/size/l/tid/156368412.jpg
BLUGIRL Floral Printed Stretch Cotton Dress,$538,luisaviaroma.com,http://ak2.polyvoreimg.com/cgi/img-thing/size/l/tid/156369954.jpg
GIANLUCA CAPANNOLO Silk Crepe Cocoon Dress,"$1,305",luisaviaroma.com,http://ak1.polyvoreimg.com/cgi/img-thing/size/l/tid/156370977.jpg
Pre-owned Stella McCartney Dress,$175,therealreal.com,http://ak1.polyvoreimg.com/cgi/img-thing/size/l/tid/156110429.jpg
Pre-owned Tory Burch Dress,$125,therealreal.com,http://ak2.polyvoreimg.com/cgi/img-thing/size/l/tid/156018931.jpg
GIAMBA Flower Lace & Compact Crepe Dress,"$1,538",luisaviaroma.com,http://ak1.polyvoreimg.com/cgi/img-thing/size/l/tid/156348343.jpg
Elie Saab Begonia Printed V-Neck Gown,"$6,075",modaoperandi.com,http://ak2.polyvoreimg.com/cgi/img-thing/size/l/tid/154192734.jpg
Pre-owned Rag & Bone Leather Dress,$295,therealreal.com,http://ak2.polyvoreimg.com/cgi/img-thing/size/l/tid/155752250.jpg
Pre-owned Marni Cocktail Dress,$175,therealreal.com,http://ak1.polyvoreimg.com/cgi/img-thing/size/l/tid/156309290.jpg
Pre-owned A.L.C. Dress,$95,therealreal.com,http://ak2.polyvoreimg.com/cgi/img-thing/size/l/tid/155609758.jpg
Akris Lightweight Wool Sheath Dress,"$1,990",saksfifthavenue.com,http://ak1.polyvoreimg.com/cgi/img-thing/size/l/tid/148133281.jpg
Pre-owned Diane von Furstenberg Leather Dress,$175,therealreal.com,http://ak2.polyvoreimg.com/cgi/img-thing/size/l/tid/156144939.jpg
Pre-owned 3.1 Phillip Lim Silk Dress,$95,therealreal.com,http://ak1.polyvoreimg.com/cgi/img-thing/size/l/tid/156149735.jpg
Pre-owned Peserico Dress,$65,therealreal.com,http://ak1.polyvoreimg.com/cgi/img-thing/size/l/tid/155619756.jpg
Pre-owned Paul & Joe Dress,$95,therealreal.com,http://ak2.polyvoreimg.com/cgi/img-thing/size/l/tid/156301615.jpg
Enza Costa Strappy Hi-Lo Dress,$110,shopbop.com,http://ak2.polyvoreimg.com/cgi/img-thing/size/l/tid/138405122.jpg
Clover Canyon Embroidered Ombre Dress,$319,shopbop.com,http://ak2.polyvoreimg.com/cgi/img-thing/size/l/tid/150255486.jpg
Victoria Victoria Beckham Gathered Waist Dress,$448,shopbop.com,http://ak1.polyvoreimg.com/cgi/img-thing/size/l/tid/147556755.jpg
Lisa Perry Paint Sleeveless Dress,$697,shopbop.com,http://ak1.polyvoreimg.com/cgi/img-thing/size/l/tid/134615683.jpg
Free People Gummy Denim Dynomite Mini Dress,$128,shopbop.com,http://ak1.polyvoreimg.com/cgi/img-thing/size/l/tid/154169757.jpg
Y-3 Wren Dress,$263,shopbop.com,http://ak2.polyvoreimg.com/cgi/img-thing/size/l/tid/146277506.jpg
Derek Lam Lace Up Dress,$425,shopbop.com,http://ak2.polyvoreimg.com/cgi/img-thing/size/l/tid/141165031.jpg
Zero + Maria Cornejo Sima Dress,$595,shopbop.com,http://ak1.polyvoreimg.com/cgi/img-thing/size/l/tid/130174894.jpg
Monki Button Detail Smock Dress,$54,asos.com,http://ak1.polyvoreimg.com/cgi/img-thing/size/l/tid/153210094.jpg
Self Portrait Scallop Edge Midi Dress,$466,asos.com,http://ak2.polyvoreimg.com/cgi/img-thing/size/l/tid/150472854.jpg
Roxy Beach Dress,$22,asos.com,http://ak2.polyvoreimg.com/cgi/img-thing/size/l/tid/132866905.jpg
ASOS WHITE Bonded Stripe Full Skirt Dress,$269,asos.com,http://ak2.polyvoreimg.com/cgi/img-thing/size/l/tid/150051587.jpg
Monki Denim Shift Dress With Contrast Trim,$81,asos.com,http://ak1.polyvoreimg.com/cgi/img-thing/size/l/tid/154401358.jpg
Self Portrait Evie Midi Dress,$466,asos.com,http://ak1.polyvoreimg.com/cgi/img-thing/size/l/tid/149785111.jpg
Antonio Berardi Marine Blue Duchess Waistcoat Dress,$914,modaoperandi.com,http://ak1.polyvoreimg.com/cgi/img-thing/size/l/tid/154814617.jpg
Cédric Charlier White Cotton Poplin Dress,$725,modaoperandi.com,http://ak1.polyvoreimg.com/cgi/img-thing/size/l/tid/156627437.jpg
Cédric Charlier Ivory Cotton Twill Dress,"$1,050",modaoperandi.com,http://ak2.polyvoreimg.com/cgi/img-thing/size/l/tid/156636894.jpg
Cédric Charlier Technical Rubber Pique Dress,$850,modaoperandi.com,http://ak1.polyvoreimg.com/cgi/img-thing/size/l/tid/156634017.jpg
Cédric Charlier Technical Rubber Pique Dress,$850,modaoperandi.com,http://ak1.polyvoreimg.com/cgi/img-thing/size/l/tid/156634284.jpg
Cédric Charlier Technical Rubber Pique Dress,$850,modaoperandi.com,http://ak2.polyvoreimg.com/cgi/img-thing/size/l/tid/156637907.jpg
Cédric Charlier Popeline Imprime B Dress,$865,modaoperandi.com,http://ak1.polyvoreimg.com/cgi/img-thing/size/l/tid/156641149.jpg
Ankara Maxi Dress African Print Dress Maxi Dresses Dutch Wax Print Dress Floral Dress Kitenge L,$73,etsy.com,http://ak1.polyvoreimg.com/cgi/img-thing/size/l/tid/155043391.jpg
Ladies 100 Rust Linen Short Sleeve Maxi Dress,$128,etsy.com,http://ak1.polyvoreimg.com/cgi/img-thing/size/l/tid/155148311.jpg
Christmas Big Oversized Mixed Prints Dress.,$84,etsy.com,http://ak2.polyvoreimg.com/cgi/img-thing/size/l/tid/155155066.jpg
Vintage Style Sleeveless Dress Full Circle Skirt Side Pockets Aboriginal Artwork Print Salt Pl,$150,etsy.com,http://ak1.polyvoreimg.com/cgi/img-thing/size/l/tid/146247531.jpg
Pre-owned French Connection Lbd Satin Bodycon Dress,$255,tradesy.com,http://ak2.polyvoreimg.com/cgi/img-thing/size/l/tid/154524070.jpg
Pre-owned Shoshanna Black Sleeveless Textured Fabric Fit Flare Dress 120387f,$122,tradesy.com,http://ak1.polyvoreimg.com/cgi/img-thing/size/l/tid/154789490.jpg
Pre-owned Eileen Fisher Bright Coral Dress,$100,tradesy.com,http://ak1.polyvoreimg.com/cgi/img-thing/size/l/tid/154999417.jpg
"Almari Floral Jacquard Dress, Green",$93,johnlewis.com,http://ak1.polyvoreimg.com/cgi/img-thing/size/l/tid/153180656.jpg
"Seasalt Bunting Dress, Penwood Leaf Seaweed",$105,johnlewis.com,http://ak2.polyvoreimg.com/cgi/img-thing/size/l/tid/154870580.jpg
"Jaeger Compact Tailoring V-Neck Dress , Haute Red",$185,johnlewis.com,http://ak1.polyvoreimg.com/cgi/img-thing/size/l/tid/144874294.jpg
