link,price,img,,
http://www.modcloth.com/shop/dresses/traveling-cake-pop-truck-dress-in-black,$69.99,http://productshots1.modcloth.net/productshots/0162/9681/46ba3480b3cafe04bf83d925b68f401f.jpg?1443733459,,
http://www.modcloth.com/shop/dresses/fleur-majesty-dress,$179.99,http://productshots2.modcloth.net/productshots/0162/1281/b6395179d35a12c37bc0f175124c2159.jpg?1441227624,,
http://www.modcloth.com/shop/dresses/traveling-cake-pop-truck-dress-in-pink,$69.99,http://productshots1.modcloth.net/productshots/0163/0451/191fcd9c7d31b3ed4e2de3150a2c7d6d.jpg?1443821486,,
http://www.modcloth.com/shop/dresses/good-enough-to-eat-dress,$79.99,http://productshots1.modcloth.net/productshots/0159/2053/2e039353693d25978ee2c88b2ca9db03.jpg?1435089307,,
http://www.modcloth.com/shop/dresses/pull-up-a-cherry-dress-in-navy-bouquet,$69.99,http://productshots3.modcloth.net/productshots/0163/2897/8385ad8ed0810103c01509778ee78ac4.jpg?1444419659,,
http://www.modcloth.com/shop/dresses/coach-tour-dress-in-teal-plaid,$64.99,http://productshots0.modcloth.net/productshots/0161/0693/eef03624cd20b5f70100b1056698d25b.jpg?1438119103,,
http://www.modcloth.com/shop/dresses/guest-of-honor-dress-in-vines,$65.99,http://productshots3.modcloth.net/productshots/0157/8447/87be98cea2f075b061f44456fd842695.jpg?1433532408,,
http://www.modcloth.com/shop/dresses/peachy-queen-dress-in-berry,$129.99,http://productshots2.modcloth.net/productshots/0158/5885/88ddf141c8f36f6eb48044b68465c305.jpg?1434488854,,
http://www.modcloth.com/shop/dresses/charm-convention-dress-in-floral-plaid,$99.99,http://productshots2.modcloth.net/productshots/0162/7017/db43326edebd99429ff02882827479a4.jpg?1443031779,,
http://www.modcloth.com/shop/dresses/coach-tour-dress-in-bleu,$59.99,http://productshots2.modcloth.net/productshots/0157/3599/489e7ba2e297babc7e83041c351ace14.jpg?1433170315,,
http://www.modcloth.com/shop/dresses/coach-tour-dress-in-noir,$59.99,http://productshots0.modcloth.net/productshots/0162/9971/c1821fc93e879567f5a85f1897a7e3d1.jpg?1443797885,,
http://www.modcloth.com/shop/dresses/coach-tour-dress-in-rouge,$59.99,http://productshots1.modcloth.net/productshots/0159/0991/1d0d757d12cf2e4b32b2fedfd1fd7f83.jpg?1434988125,,
http://www.modcloth.com/shop/dresses/luck-be-a-lady-dress-in-black-and-lace,$79.99,http://productshots0.modcloth.net/productshots/0156/3371/a350f268cc5c598c16a4c3a1c905cc64.jpg?1431440967,,
http://www.modcloth.com/shop/dresses/posh-performance-review-dress,$89.99,http://productshots3.modcloth.net/productshots/0163/8467/0c7ca9c29986334e5beeb7b203ba4a97.jpg?1446070711,,
http://www.modcloth.com/shop/dresses/polished-introductions-dress,$239.99,http://productshots0.modcloth.net/productshots/0162/1715/d5ebe03b15478ae95c43bdf72f7562f6.jpg?1441313460,,
http://www.modcloth.com/shop/dresses/ring-my-belle-dress,$219.99,http://productshots0.modcloth.net/productshots/0163/8311/8250a6e1e02d6bd468f674b11c7e05e3.jpg?1446055655,,
http://www.modcloth.com/shop/dresses/classic-chanteuse-dress-in-teal,$219.99,http://productshots0.modcloth.net/productshots/0164/0467/ed110c8a49b3741d1f8bf66b5b4c46aa.jpg?1446761348,,
http://www.modcloth.com/shop/dresses/hand-in-handicraft-dress,$89.99,http://productshots2.modcloth.net/productshots/0163/9643/e8aa5ed0a0c9faa6dad5a25ca0aa78ef.jpg?1446668753,,
http://www.modcloth.com/shop/dresses/flatters-of-the-heart-dress,$199.99,http://productshots0.modcloth.net/productshots/0164/0373/28129abdaa55356fab441882822535c4.jpg?1446760824,,
http://www.modcloth.com/shop/dresses/so-happy-we-fete-dress,$159.99,http://productshots1.modcloth.net/productshots/0163/1601/377dafc4050f7c08faca1057eb0611a0.jpg?1444163636,,
http://www.modcloth.com/shop/dresses/fab-fundamentals-dress-in-moss,$59.99,http://productshots2.modcloth.net/productshots/0163/8561/a4625228bf06d7569b80a6d986466bcc.jpg?1446138954,,
http://www.modcloth.com/shop/dresses/harmonious-hostess-dress,$79.99,http://productshots2.modcloth.net/productshots/0163/8501/bea1cd02763d023a3a1411df3723bd18.jpg?1446138794,,
http://www.modcloth.com/shop/dresses/prim-simplicity-dress,$64.99,http://productshots0.modcloth.net/productshots/0163/7485/23eebf186188f70c7ee78b744dff9551.jpg?1445888761,,
http://www.modcloth.com/shop/dresses/sly-bells-ring-dress,$89.99,http://productshots0.modcloth.net/productshots/0163/8661/fd27eebd05bc8ceb0760f25dd9a5ab08.jpg?1446213154,,
http://www.modcloth.com/shop/dresses/pose-for-the-picturesque-dress,$109.99,http://productshots3.modcloth.net/productshots/0163/7641/fadfc2219bc417ce6f8a0eb0e8ebe2f7.jpg?1445969364,,
http://www.modcloth.com/shop/dresses/coach-tour-dress-in-houndstooth,$64.99,http://productshots3.modcloth.net/productshots/0156/6209/a7ca1cd680884fb2477606c814f1a64f.jpg?1431713278,,
http://www.modcloth.com/shop/dresses/on-easygoing-street-dress,$69.99,http://productshots2.modcloth.net/productshots/0163/6379/ad332c1132b0c50cf3cddfe5fcb91bd0.jpg?1445546456,,
http://www.modcloth.com/shop/dresses/distinguishably-demure-dress,$179.99,http://productshots3.modcloth.net/productshots/0158/0681/885a19128151f0bc6079868eb7d715cb.jpg?1433881005,,
http://www.modcloth.com/shop/dresses/too-much-fun-dress-in-plum-petunias,$99.99,http://productshots2.modcloth.net/productshots/0157/7911/ce820860a11d6082774d48962e1374cb.jpg?1433512995,,
http://www.modcloth.com/shop/dresses/in-the-fiddle-with-you-dress-in-fern,$64.99,http://productshots2.modcloth.net/productshots/0163/4677/4ba539ac005cb728e8d1d1b0f868ec61.jpg?1444939654,,
http://www.modcloth.com/shop/dresses/mew-seum-visit-dress,$79.99,http://productshots3.modcloth.net/productshots/0162/5883/eac0ef84cc80795b695c855636701896.jpg?1442596327,,
http://www.modcloth.com/shop/dresses/established-elegance-dress,$139.99,http://productshots1.modcloth.net/productshots/0159/9201/88a8de59644c74290265cf6016478ae7.jpg?1435865510,,
http://www.modcloth.com/shop/dresses/dressy-which-way-dress,$69.99,http://productshots1.modcloth.net/productshots/0163/0307/590a3591e4ee2f44dccc919c56f6ab2f.jpg?1443820792,,
http://www.modcloth.com/shop/dresses/datebook-official-dress,$179.99,http://productshots1.modcloth.net/productshots/0160/9769/55cdc8e28f56d994b668314bdaf522b0.jpg?1437680329,,
http://www.modcloth.com/shop/dresses/start-spreading-the-mews-dress,$79.99,http://productshots2.modcloth.net/productshots/0163/1819/fd06688919eaddb553496862bcfc1245.jpg?1444251501,,
http://www.modcloth.com/shop/dresses/luck-be-a-lady-dress-in-black,$79.99,http://productshots0.modcloth.net/productshots/0159/2143/ec9aabf0fa9ba822a9ffb861a5bd3239.jpg?1435089610,,
http://www.modcloth.com/shop/dresses/in-the-fiddle-with-you-dress-in-purple,$64.99,http://productshots2.modcloth.net/productshots/0162/6707/d2f5e2c3008e9ec5cbfa2dfe3e6db0ca.jpg?1442869382,,
http://www.modcloth.com/shop/dresses/biking-through-brussels-dress-in-navy,$89.99,http://productshots0.modcloth.net/productshots/0162/7571/a00c6ce131af90d187e033a862085099.jpg?1443131165,,
http://www.modcloth.com/shop/dresses/charm-convention-dress-in-forest,$89.99,http://productshots1.modcloth.net/productshots/0162/7011/ee663247226aa9fde23c30b53dbd15d5.jpg?1443031758,,
http://www.modcloth.com/shop/dresses/snowfalling-for-you-dress,$119.99,http://productshots1.modcloth.net/productshots/0162/7035/f69ed09e473f5b01e363cabebb22139e.jpg?1443033876,,
http://www.modcloth.com/shop/dresses/proclaim-to-fame-dress,$69.99,http://productshots0.modcloth.net/productshots/0162/5375/98c3840812a355742d9ac3fff0236d08.jpg?1442521928,,
http://www.modcloth.com/shop/dresses/guest-of-honor-dress-in-rose-garden,$94.99,http://productshots1.modcloth.net/productshots/0158/1509/eebfabb321311455ef6841102bd4d694.jpg?1433966881,,
http://www.modcloth.com/shop/dresses/teaching-classy-dress-in-navy-dots,$59.99,http://productshots3.modcloth.net/productshots/0162/6451/bf5025734b5f0fb29aa913e3a56b3cb2.jpg?1442860173,,
http://www.modcloth.com/shop/dresses/too-much-fun-dress-in-blue-dots-long,$109.99,http://productshots1.modcloth.net/productshots/0158/1537/cc8bb7a110211069a0b2cfed1e4a1e93.jpg?1433966908,,
http://www.modcloth.com/shop/dresses/luck-be-a-lady-dress-in-violet,$79.99,http://productshots0.modcloth.net/productshots/0157/1401/61d3647232a3a1d852304452b0dab780.jpg?1432756162,,
http://www.modcloth.com/shop/dresses/uptown-twirl-dress,$229.99,http://productshots2.modcloth.net/productshots/0161/5305/5f289d2b3fa3cd217fbac0e6263252b3.jpg?1439416666,,
http://www.modcloth.com/shop/dresses/keener-postures-dress-in-leaves,$109.99,http://productshots2.modcloth.net/productshots/0162/3499/9c3ac8923f4a51797f1c327bbad53d68.jpg?1441912658,,
http://www.modcloth.com/shop/dresses/daytrip-darling-dress-in-teal-dots,$99.99,http://productshots0.modcloth.net/productshots/0162/3509/f1bed49d41f45be7458098b3dfbf00f5.jpg?1441912701,,
http://www.modcloth.com/shop/dresses/time-of-my-livelihood-dress,$109.99,http://productshots1.modcloth.net/productshots/0162/2463/e35d7675d9405439f0ada00158251aa7.jpg?1441745820,,
http://www.modcloth.com/shop/dresses/thoroughly-trustworthy-dress,$59.99,http://productshots1.modcloth.net/productshots/0162/1559/d9c7c6f7446597de672d6bec1e64f707.jpg?1441311093,,
http://www.modcloth.com/shop/dresses/all-eyes-on-unique-dress-in-science,$89.99,http://productshots0.modcloth.net/productshots/0159/2171/fd19285f755359b72fd4d6b5e380be8d.jpg?1435089698,,
http://www.modcloth.com/shop/dresses/leave-them-breathless-dress-in-brushstrokes,$179.99,http://productshots2.modcloth.net/productshots/0157/5425/0b18255bf7684861dec9156128b044b3.jpg?1433277664,,
http://www.modcloth.com/shop/dresses/philly-in-the-blanks-dress,$84.99,http://productshots1.modcloth.net/productshots/0162/1589/9c790985dbe8324e0051936aec7a570a.jpg?1441312235,,
http://www.modcloth.com/shop/dresses/new-york-stately-of-mind-dress,$159.99,http://productshots3.modcloth.net/productshots/0159/1625/6ce2483c1ae1eff0031777f970e36956.jpg?1435000968,,
http://www.modcloth.com/shop/dresses/luck-be-a-lady-dress-in-navy-contrast,$79.99,http://productshots1.modcloth.net/productshots/0158/1295/48133032cb4b2125abafe2824a95f96c.jpg?1433965003,,
http://www.modcloth.com/shop/dresses/hillside-solace-dress,$84.99,http://productshots2.modcloth.net/productshots/0161/9417/fe49b0525489373b20b2a3d532367e14.jpg?1440710854,,
http://www.modcloth.com/shop/dresses/guest-house-getaway-dress,$64.99,http://productshots3.modcloth.net/productshots/0161/6651/c8d7c01f229f379a0c7d8221a0f015dc.jpg?1439841808,,
http://www.modcloth.com/shop/dresses/earned-adulation-dress,$259.99,http://productshots1.modcloth.net/productshots/0161/0597/855e5fa0328bab4e2bb871e67b1c33e0.jpg?1438118858,,
http://www.modcloth.com/shop/dresses/philadelphia-fly-dress,$64.99,http://productshots2.modcloth.net/productshots/0161/3101/2363c03aad487f63061524eb5bb75ac5.jpg?1438811591,,
http://www.modcloth.com/shop/dresses/great-scottie-dress,$94.99,http://productshots2.modcloth.net/productshots/0161/8897/d15e8eada12c337d57c4751d8636f289.jpg?1440622277,,
http://www.modcloth.com/shop/dresses/ballroom-with-a-view-dress,$179.99,http://productshots3.modcloth.net/productshots/0161/0733/f10ab568e58926a003fd284f4c98b0b5.jpg?1438119156,,
http://www.modcloth.com/shop/dresses/festive-frondescence-dress,$139.99,http://productshots2.modcloth.net/productshots/0161/5769/49fbaacfb62b88bbc55537f62dbf0638.jpg?1439577371,,
http://www.modcloth.com/shop/dresses/professional-prowess-dress,$89.99,http://productshots1.modcloth.net/productshots/0160/8153/b92a4ed958aefa42469a85d898b95773.jpg?1437513067,,
http://www.modcloth.com/shop/dresses/posh-at-the-party-dress-in-plum,$129.99,http://productshots3.modcloth.net/productshots/0161/7613/ec9de859f60ac61186e6638a201acd95.jpg?1440103517,,
http://www.modcloth.com/shop/dresses/walk-down-the-isle-dress-in-cosmopolitan,$99.99,http://productshots2.modcloth.net/productshots/0161/8063/669b603680bbe7b57ae3677dfeda15d2.jpg?1440107105,,
http://www.modcloth.com/shop/dresses/premiere-post-dress,$59.99,http://productshots3.modcloth.net/productshots/0161/7803/3b0cc2287064066024c376f71a21c169.jpg?1440104383,,
http://www.modcloth.com/shop/dresses/coach-tour-dress-in-stripes-3-4-sleeves,$69.99,http://productshots1.modcloth.net/productshots/0158/8461/b74b9f15037ad08b3bb2b1de7d0de0df.jpg?1434576329,,
http://www.modcloth.com/shop/dresses/star-studded-performance-dress-in-blooms,$99.99,http://productshots2.modcloth.net/productshots/0161/5123/2b6122347ec6b0ee1768558d4788c7b3.jpg?1439416066,,
http://www.modcloth.com/shop/dresses/fab-fundamentals-dress-in-stripes,$59.99,http://productshots0.modcloth.net/productshots/0161/2345/8f5e44ef0e1fe4197718b4bf10dba7e2.jpg?1438723004,,
http://www.modcloth.com/shop/dresses/cider-provider-dress,$59.99,http://productshots2.modcloth.net/productshots/0161/7167/07214d4b1d5157b178063c235ed7a1ac.jpg?1439934092,,
http://www.modcloth.com/shop/dresses/cove-conference-dress,$54.99,http://productshots0.modcloth.net/productshots/0159/9961/e5ca2f00e0351f85b25dcf8a50a91910.jpg?1436214067,,
http://www.modcloth.com/shop/dresses/clever-pour-dress,$54.99,http://productshots1.modcloth.net/productshots/0157/1829/26d305f3967bbc2efddc4db4586bd68c.jpg?1432846237,,
http://www.modcloth.com/shop/dresses/quite-the-travelista-dress,$59.99,http://productshots2.modcloth.net/productshots/0162/5741/aa5230a18ead7d131ee12271592b7ef8.jpg?1442594936,,
http://www.modcloth.com/shop/dresses/winner-bakes-all-dress,$49.99,http://productshots3.modcloth.net/productshots/0161/1547/f724af53b03555bd63e9aee612b8f6ca.jpg?1438278347,,
http://www.modcloth.com/shop/dresses/fresh-flow-dress-in-olive,$79.99,http://productshots0.modcloth.net/productshots/0161/1607/75ed78e782e1d8ce31837d831dbb071b.jpg?1438278589,,
http://www.modcloth.com/shop/dresses/too-much-fun-dress-in-airplanes,$69.99,http://productshots1.modcloth.net/productshots/0158/0697/a959879c43fd161c5aca9987949ca529.jpg?1433881012,,
http://www.modcloth.com/shop/dresses/biking-through-brussels-dress-in-dijon,$89.99,http://productshots1.modcloth.net/productshots/0160/5421/817ad57deac797627cd03d9b5f5ec359.jpg?1436911161,,
http://www.modcloth.com/shop/dresses/biking-through-brussels-dress-in-bloom,$99.99,http://productshots2.modcloth.net/productshots/0160/5373/fd012d03a6fa3e4a589158d6e53ca624.jpg?1436910967,,
http://www.modcloth.com/shop/dresses/computer-tutor-dress-in-houndstooth,$89.99,http://productshots1.modcloth.net/productshots/0160/5271/d3dec3dbe3b50fc59cef3f90fddcfb5a.jpg?1436910611,,
http://www.modcloth.com/shop/dresses/computer-tutor-dress-in-black,$79.99,http://productshots1.modcloth.net/productshots/0160/4629/4525e1741ddbfb46934c3a3853f1e346.jpg?1436822455,,
http://www.modcloth.com/shop/dresses/summer-school-cool-dress,$64.99,http://productshots2.modcloth.net/productshots/0160/6885/6f45305658b2fd301026adb5ba8e77e1.jpg?1437079289,,
http://www.modcloth.com/shop/dresses/heart-and-solar-system-dress,$79.99,http://productshots3.modcloth.net/productshots/0156/7025/01de0d53d421f37179b67a852e14f81f.jpg?1431973883,,
http://www.modcloth.com/shop/dresses/writers-block-party-dress,$159.99,http://productshots2.modcloth.net/productshots/0158/0397/f6a9155bdf0d3a321035296ed2b268f0.jpg?1433872412,,
http://www.modcloth.com/shop/dresses/aisle-be-there-dress-in-lily,$169.99,http://productshots0.modcloth.net/productshots/0158/0797/529894f62e29a171b98524c4d9e01e24.jpg?1433881139,,
http://www.modcloth.com/shop/dresses/salty-and-pepper-dress,$55.99,http://productshots3.modcloth.net/productshots/0157/0433/becd0ff18f4cd2e8d2b1e413c25d1590.jpg?1432665579,,
http://www.modcloth.com/shop/dresses/extraordinary-epicure-dress-in-garnet,$219.99,http://productshots1.modcloth.net/productshots/0156/1369/176abf053901bd82222841bf984c9af1.jpg?1431036629,,
http://www.modcloth.com/shop/dresses/aesthetic-allure-dress,$159.99,http://productshots3.modcloth.net/productshots/0156/4977/d7d2368ceea1f2a3d47ea6a61bc36b21.jpg?1431616857,,
http://www.modcloth.com/shop/dresses/cast-and-crudits-dress,$89.99,http://productshots2.modcloth.net/productshots/0162/4597/94c2d3d8b7255f6a45bc10049577ceaa.jpg?1442346040,,
http://www.modcloth.com/shop/dresses/wonder-for-the-record-books-dress,$159.99,http://productshots1.modcloth.net/productshots/0159/9719/5b3e596cb923c104c3fa1bccaa922ae2.jpg?1436203751,,
http://www.modcloth.com/shop/dresses/lesson-closely-dress,$69.99,http://productshots0.modcloth.net/productshots/0157/2665/abcaa48ed3cf4dfee8684e5e0baa12a2.jpg?1432927913,,
http://www.modcloth.com/shop/dresses/chambray-s-the-way-dress,$99.99,http://productshots2.modcloth.net/productshots/0159/9781/aec2710e2771c96418aecf0c167636fd.jpg?1436210150,,
http://www.modcloth.com/shop/dresses/t-a-okay-dress-in-blue,$59.99,http://productshots0.modcloth.net/productshots/0159/2397/3e3543feb482fee636a948fca291ee77.jpg?1435090881,,
http://www.modcloth.com/shop/dresses/guest-of-honor-dress-in-leaves,$65.99,http://productshots0.modcloth.net/productshots/0157/7883/5afc100ba8bb970b4e637386bf22eba9.jpg?1433512495,,
http://www.modcloth.com/shop/dresses/letter-than-ever-dress-in-black,$99.99,http://productshots3.modcloth.net/productshots/0159/1011/d66474b6254bec399a07cf393df14498.jpg?1434988333,,
http://www.modcloth.com/shop/dresses/fluttering-romance-dress-in-butterfly-silhouettes,$89.99,http://productshots2.modcloth.net/productshots/0159/2131/b05908f77ae0d97ed89faf474e0a9012.jpg?1435089588,,
http://www.modcloth.com/shop/dresses/rad-to-the-bone-dress,$89.99,http://productshots2.modcloth.net/productshots/0159/6257/81b0816268d72aadbe7c0f258502edf8.jpg?1435686793,,
http://www.modcloth.com/shop/dresses/shirt-dressed-for-success,$54.99,http://productshots0.modcloth.net/productshots/0160/1039/26d9168f0c6fa76236f22544f8ca0488.jpg?1436303741,,
http://www.modcloth.com/shop/dresses/bushel-of-blueberries-dress,$41.99,http://productshots0.modcloth.net/productshots/0162/1597/309bef34e8c9e85f8139864073ae1569.jpg?1441312426,,
http://www.modcloth.com/shop/dresses/scholar-make-me-holler-dress,$35.99,http://productshots0.modcloth.net/productshots/0161/1025/2f7e43ac2ae860833a4a6589ba5cbadd.jpg?1438191482,,
http://www.modcloth.com/shop/dresses/silver-screen-stunner-dress-in-black-speckle,$97.99,http://productshots1.modcloth.net/productshots/0161/0221/b82fd36b68bb3db38fe3c65fa2e8e05b.jpg?1437761821,,
http://www.modcloth.com/shop/dresses/flowy-know-how-dress,$37.99,http://productshots1.modcloth.net/productshots/0160/5137/175bfef1b0c354301fb7fe099db593d1.jpg?1436910374,,
http://www.modcloth.com/shop/dresses/mix-it-up-dress-in-aqua,$21.99,http://productshots3.modcloth.net/productshots/0160/6085/e07bbf07683c2c1d46fb7284181a00ee.jpg?1436995034,,
http://www.modcloth.com/shop/dresses/someday-my-prints-will-come-dress,$63.99,http://productshots1.modcloth.net/productshots/0157/5391/eaa37a518c4b411386bfc10e38f5db9c.jpg?1433277200,,
http://www.modcloth.com/shop/dresses/reservations-for-refinement-dress,$127.99,http://productshots2.modcloth.net/productshots/0158/0387/524c4a9a0aa875e017012b072abc1402.jpg?1433872398,,
http://www.modcloth.com/shop/dresses/clink-or-swim-dress,$26.99,http://productshots0.modcloth.net/productshots/0159/7971/7979479d68721605bc7de7b6e5ccc010.jpg?1435782059,,
http://www.modcloth.com/shop/dresses/keen-of-the-castle-dress,$23.99,http://productshots3.modcloth.net/productshots/0159/0851/4025f22480359cfcd6569494689abab9.jpg?1434747318,,
http://www.modcloth.com/shop/dresses/dragonfly-away-with-me-dress,$37.99,http://productshots1.modcloth.net/productshots/0156/2013/6a3f094a4406311bc311a4c9484b8e5d.jpg?1431118250,,
http://www.modcloth.com/shop/dresses/enthrall-of-my-love-dress,$83.99,http://productshots0.modcloth.net/productshots/0156/5663/2d6f7837e96b7ff06d9b12cfecb12a25.jpg?1431625639,,
http://www.modcloth.com/shop/dresses/down-to-a-fine-art-dress-in-garden,$32.99,http://productshots3.modcloth.net/productshots/0156/3749/789c4ceee4bff7bd5cd6c5628c3ab997.jpg?1431467957,,
http://www.modcloth.com/shop/dresses/blooming-inspiration-dress,$34.99,http://productshots3.modcloth.net/productshots/0145/0219/0f7418908ba1d60d64d4cab1d405e30a.jpg?1407181178,,